player,team,pos,g,mp,gs,fg,fga,fg_pct,fg3,fg3a,fg3_pct,fg2,fg2a,fg2_pct,ft,fta,ft_pct,orb,trb,ast,stl,blk,tov,pf,pts,player_href,player_url,player_id
Farhiya Abdi,LAS,F,18,237,5,28,79,.354,9,33,.273,19,46,.413,4,7,.571,5,30,9,7,2,13,31,69,/wnba/players/a/abdifa01w.html,https://www.basketball-reference.com/wnba/players/a/abdifa01w.html,abdifa01w
Natalie Achonwa,IND,F,28,484,17,88,160,.550,0,0,,88,160,.550,47,63,.746,40,97,17,14,13,37,58,223,/wnba/players/a/achonna01w.html,https://www.basketball-reference.com/wnba/players/a/achonna01w.html,achonna01w
Danielle Adams,SAS,F-C,30,482,2,79,191,.414,22,68,.324,57,123,.463,43,52,.827,33,100,14,14,9,37,45,223,/wnba/players/a/adamsda01w.html,https://www.basketball-reference.com/wnba/players/a/adamsda01w.html,adamsda01w
Matee Ajavon,ATL,G,33,580,11,66,163,.405,3,18,.167,63,145,.434,60,73,.822,21,82,79,47,5,60,80,195,/wnba/players/a/ajavoma01w.html,https://www.basketball-reference.com/wnba/players/a/ajavoma01w.html,ajavoma01w
Kayla Alexander,SAS,C,29,358,0,37,89,.416,0,0,,37,89,.416,22,34,.647,29,95,6,6,24,24,43,96,/wnba/players/a/alexaka01w.html,https://www.basketball-reference.com/wnba/players/a/alexaka01w.html,alexaka01w
Rebecca Allen,NYL,F-G,2,34,0,3,10,.300,0,4,.000,3,6,.500,0,0,,2,9,0,3,2,3,1,6,/wnba/players/a/allenre01w.html,https://www.basketball-reference.com/wnba/players/a/allenre01w.html,allenre01w
Jayne Appel-Marinelli,SAS,C,30,673,28,39,102,.382,0,4,.000,39,98,.398,22,34,.647,38,187,41,23,38,40,75,100,/wnba/players/a/appelja01w.html,https://www.basketball-reference.com/wnba/players/a/appelja01w.html,appelja01w
Seimone Augustus,MIN,G-F,16,481,16,96,218,.440,3,23,.130,93,195,.477,26,26,1.000,9,46,39,9,5,19,17,221,/wnba/players/a/augusse01w.html,https://www.basketball-reference.com/wnba/players/a/augusse01w.html,augusse01w
Valeriane Ayayi,SAS,F,16,147,0,15,48,.313,4,21,.190,11,27,.407,3,7,.429,8,28,6,8,5,9,18,37,/wnba/players/a/ayayiva01w.html,https://www.basketball-reference.com/wnba/players/a/ayayiva01w.html,ayayiva01w
Mistie Bass,PHO,F,33,458,7,56,109,.514,0,1,.000,56,108,.519,24,44,.545,40,100,24,26,24,21,53,136,/wnba/players/b/bassmi01w.html,https://www.basketball-reference.com/wnba/players/b/bassmi01w.html,bassmi01w
Vicki Baugh,TUL,F-C,34,533,6,69,146,.473,0,1,.000,69,145,.476,45,61,.738,49,140,20,18,12,43,68,183,/wnba/players/b/baughvi01w.html,https://www.basketball-reference.com/wnba/players/b/baughvi01w.html,baughvi01w
Alana Beard,LAS,G-F,15,365,11,49,100,.490,2,11,.182,47,89,.528,9,10,.900,3,43,38,17,7,20,31,109,/wnba/players/b/beardal01w.html,https://www.basketball-reference.com/wnba/players/b/beardal01w.html,beardal01w
Alex Bentley,CON,G,25,749,25,142,347,.409,39,116,.336,103,231,.446,44,53,.830,1,49,49,49,5,29,64,367,/wnba/players/b/bentlal01w.html,https://www.basketball-reference.com/wnba/players/b/bentlal01w.html,bentlal01w
Tiffany Bias,PHO,G,15,95,0,10,29,.345,4,12,.333,6,17,.353,4,6,.667,0,2,11,2,0,6,10,28,/wnba/players/b/biasti01w.html,https://www.basketball-reference.com/wnba/players/b/biasti01w.html,biasti01w
Sue Bird,SEA,G,27,773,27,107,279,.384,25,83,.301,82,196,.418,39,49,.796,5,63,147,24,2,66,32,278,/wnba/players/b/birdsu01w.html,https://www.basketball-reference.com/wnba/players/b/birdsu01w.html,birdsu01w
Abby Bishop,SEA,F,26,509,14,52,135,.385,23,70,.329,29,65,.446,8,13,.615,7,90,25,19,20,28,72,135,/wnba/players/b/bishoab01w.html,https://www.basketball-reference.com/wnba/players/b/bishoab01w.html,bishoab01w
Kelsey Bone,CON,C,34,961,33,224,441,.508,0,3,.000,224,438,.511,61,98,.622,49,208,66,26,19,77,96,509,/wnba/players/b/boneke01w.html,https://www.basketball-reference.com/wnba/players/b/boneke01w.html,boneke01w
DeWanna Bonner,PHO,G-F,33,1099,33,158,418,.378,30,118,.254,128,300,.427,175,202,.866,37,187,110,44,28,60,61,521,/wnba/players/b/bonnede01w.html,https://www.basketball-reference.com/wnba/players/b/bonnede01w.html,bonnede01w
Brittany Boyd,NYL,G,30,430,4,59,151,.391,8,30,.267,51,121,.421,72,101,.713,17,81,70,35,2,48,58,198,/wnba/players/b/boydbr01w.html,https://www.basketball-reference.com/wnba/players/b/boydbr01w.html,boydbr01w
Crystal Bradford,LAS,F,15,142,1,15,54,.278,6,26,.231,9,28,.321,5,7,.714,4,20,7,6,2,5,20,41,/wnba/players/b/bradfcr01w.html,https://www.basketball-reference.com/wnba/players/b/bradfcr01w.html,bradfcr01w
Jessica Breland,CHI,F,33,706,30,99,210,.471,0,0,,99,210,.471,24,31,.774,70,194,42,23,36,32,75,222,/wnba/players/b/brelaje01w.html,https://www.basketball-reference.com/wnba/players/b/brelaje01w.html,brelaje01w
Rebekkah Brunson,MIN,F,34,945,34,105,231,.455,1,4,.250,104,227,.458,54,65,.831,87,276,62,37,28,53,72,265,/wnba/players/b/brunsre01w.html,https://www.basketball-reference.com/wnba/players/b/brunsre01w.html,brunsre01w
Cierra Burdick,ATL,F,11,208,4,17,40,.425,0,1,.000,17,39,.436,14,16,.875,10,35,13,10,6,9,21,48,/wnba/players/b/burdici01w.html,https://www.basketball-reference.com/wnba/players/b/burdici01w.html,burdici01w
Essence Carson,NYL,G,33,642,12,78,205,.380,12,49,.245,66,156,.423,34,44,.773,18,75,43,14,6,32,38,202,/wnba/players/c/carsoes01w.html,https://www.basketball-reference.com/wnba/players/c/carsoes01w.html,carsoes01w
Sydney Carter,ATL,G,26,295,7,15,72,.208,5,30,.167,10,42,.238,16,20,.800,5,23,30,9,2,15,16,51,/wnba/players/c/cartesy01w.html,https://www.basketball-reference.com/wnba/players/c/cartesy01w.html,cartesy01w
Swin Cash,NYL,F,34,592,28,53,141,.376,8,34,.235,45,107,.421,40,55,.727,23,82,47,9,3,37,49,154,/wnba/players/c/cashsw01w.html,https://www.basketball-reference.com/wnba/players/c/cashsw01w.html,cashsw01w
Tamika Catchings,IND,F,30,799,30,125,327,.382,18,61,.295,107,266,.402,125,144,.868,51,213,67,55,24,50,76,393,/wnba/players/c/catchta01w.html,https://www.basketball-reference.com/wnba/players/c/catchta01w.html,catchta01w
Tina Charles,NYL,C,34,1053,34,243,531,.458,1,5,.200,242,526,.460,93,130,.715,72,288,83,24,23,82,56,580,/wnba/players/c/charlti01w.html,https://www.basketball-reference.com/wnba/players/c/charlti01w.html,charlti01w
Karima Christmas-Kelly,TUL,F-G,32,919,32,101,255,.396,32,83,.386,69,172,.401,104,133,.782,72,159,54,34,9,39,59,338,/wnba/players/c/chriska02w.html,https://www.basketball-reference.com/wnba/players/c/chriska02w.html,chriska02w
Shameka Christon,PHO,G,12,76,0,12,28,.429,4,16,.250,8,12,.667,6,6,1.000,1,5,7,2,0,3,15,34,/wnba/players/c/chrissh01w.html,https://www.basketball-reference.com/wnba/players/c/chrissh01w.html,chrissh01w
Layshia Clarendon,IND,G,29,602,12,77,173,.445,13,32,.406,64,141,.454,26,34,.765,28,78,57,20,0,47,57,193,/wnba/players/c/clarela01w.html,https://www.basketball-reference.com/wnba/players/c/clarela01w.html,clarela01w
Alysha Clark,SEA,F,33,763,31,86,158,.544,24,68,.353,62,90,.689,31,40,.775,13,121,39,23,6,36,79,227,/wnba/players/c/clarkal01w.html,https://www.basketball-reference.com/wnba/players/c/clarkal01w.html,clarkal01w
Courtney Clements,LAS,G,1,5,0,0,2,.000,0,2,.000,0,0,,0,0,,0,1,0,0,0,0,0,0,/wnba/players/c/clemeco01w.html,https://www.basketball-reference.com/wnba/players/c/clemeco01w.html,clemeco01w
Natasha Cloud,WAS,G,34,657,22,41,128,.320,9,38,.237,32,90,.356,32,47,.681,10,95,115,29,3,49,58,123,/wnba/players/c/cloudna01w.html,https://www.basketball-reference.com/wnba/players/c/cloudna01w.html,cloudna01w
Marissa Coleman,IND,G-F,34,842,34,127,331,.384,42,125,.336,85,206,.413,59,79,.747,33,120,54,42,10,63,65,355,/wnba/players/c/colemma01w.html,https://www.basketball-reference.com/wnba/players/c/colemma01w.html,colemma01w
Nadia Colhado,ATL,C,6,32,0,3,6,.500,0,0,,3,6,.500,0,0,,1,2,1,1,4,2,6,6,/wnba/players/c/colhana01w.html,https://www.basketball-reference.com/wnba/players/c/colhana01w.html,colhana01w
Sydney Colson,SAS,G,34,541,5,44,107,.411,7,22,.318,37,85,.435,24,35,.686,10,39,95,28,10,42,61,119,/wnba/players/c/colsosy01w.html,https://www.basketball-reference.com/wnba/players/c/colsosy01w.html,colsosy01w
Carla Cortijo,ATL,G,2,32,0,5,9,.556,1,2,.500,4,7,.571,3,4,.750,0,1,2,2,0,1,3,14,/wnba/players/c/cortica01w.html,https://www.basketball-reference.com/wnba/players/c/cortica01w.html,cortica01w
Anna Cruz,MIN,G,22,640,17,73,154,.474,9,36,.250,64,118,.542,22,28,.786,10,80,67,22,4,48,42,177,/wnba/players/c/cruzan01w.html,https://www.basketball-reference.com/wnba/players/c/cruzan01w.html,cruzan01w
Monique Currie,PHO,F,34,724,34,104,253,.411,28,77,.364,76,176,.432,51,59,.864,19,109,50,31,12,45,91,287,/wnba/players/c/currimo01w.html,https://www.basketball-reference.com/wnba/players/c/currimo01w.html,currimo01w
Ana Dabovic,LAS,G,24,530,8,74,166,.446,20,60,.333,54,106,.509,42,52,.808,11,39,46,21,1,38,69,210,/wnba/players/d/dabovan01w.html,https://www.basketball-reference.com/wnba/players/d/dabovan01w.html,dabovan01w
Elena Delle Donne,CHI,F-G,31,1032,31,238,517,.460,42,134,.313,196,383,.512,207,218,.950,60,260,42,33,63,36,52,725,/wnba/players/d/delleel01w.html,https://www.basketball-reference.com/wnba/players/d/delleel01w.html,delleel01w
Skylar Diggins,TUL,G,9,289,9,51,126,.405,13,29,.448,38,97,.392,45,49,.918,11,24,45,14,3,18,16,160,/wnba/players/d/diggisk01w.html,https://www.basketball-reference.com/wnba/players/d/diggisk01w.html,diggisk01w
Stefanie Dolson,WAS,C,34,841,33,148,299,.495,10,21,.476,138,278,.496,54,62,.871,48,192,53,16,36,63,98,360,/wnba/players/d/dolsost01w.html,https://www.basketball-reference.com/wnba/players/d/dolsost01w.html,dolsost01w
Clarissa Dos Santos,CHI,C,31,544,7,65,141,.461,0,0,,65,141,.461,33,48,.688,55,144,22,18,18,38,78,163,/wnba/players/d/dossacl01w.html,https://www.basketball-reference.com/wnba/players/d/dossacl01w.html,dossacl01w
Candice Dupree,PHO,F,33,1028,33,192,375,.512,0,1,.000,192,374,.513,81,101,.802,40,168,55,34,12,48,46,465,/wnba/players/d/dupreca01w.html,https://www.basketball-reference.com/wnba/players/d/dupreca01w.html,dupreca01w
Kelly Faris,CON,G,32,465,9,32,84,.381,9,29,.310,23,55,.418,21,27,.778,15,55,31,12,3,15,51,94,/wnba/players/f/fariske01w.html,https://www.basketball-reference.com/wnba/players/f/fariske01w.html,fariske01w
Jamierra Faulkner,CHI,G,33,316,0,55,133,.414,4,22,.182,51,111,.459,21,26,.808,4,33,56,14,7,39,41,135,/wnba/players/f/faulkja01w.html,https://www.basketball-reference.com/wnba/players/f/faulkja01w.html,faulkja01w
Cayla George,PHO,C-F,34,433,2,67,157,.427,17,60,.283,50,97,.515,19,22,.864,26,107,25,13,22,27,70,170,/wnba/players/f/francca01w.html,https://www.basketball-reference.com/wnba/players/f/francca01w.html,francca01w
Markeisha Gatling,SEA,C,25,342,4,50,101,.495,0,0,,50,101,.495,33,38,.868,22,93,7,9,14,24,53,133,/wnba/players/g/gatlima01w.html,https://www.basketball-reference.com/wnba/players/g/gatlima01w.html,gatlima01w
Jacki Gemelos,CHI,G,17,85,0,8,20,.400,3,10,.300,5,10,.500,0,2,.000,1,8,6,5,1,5,3,19,/wnba/players/g/gemelja01w.html,https://www.basketball-reference.com/wnba/players/g/gemelja01w.html,gemelja01w
Briana Gilbreath-Butler,IND,G,3,23,0,1,5,.200,0,1,.000,1,4,.250,0,0,,0,2,0,1,1,1,1,2,/wnba/players/g/gilbrbr01w.html,https://www.basketball-reference.com/wnba/players/g/gilbrbr01w.html,gilbrbr01w
Sasha Goodlett,CHI,C,16,210,5,14,26,.538,0,0,,14,26,.538,6,7,.857,13,30,4,3,10,15,17,34,/wnba/players/g/goodlsa01w.html,https://www.basketball-reference.com/wnba/players/g/goodlsa01w.html,goodlsa01w
Angel Goodrich,SEA,G,23,363,5,31,76,.408,3,10,.300,28,66,.424,5,10,.500,5,39,70,14,0,27,18,70,/wnba/players/g/goodran01w.html,https://www.basketball-reference.com/wnba/players/g/goodran01w.html,goodran01w
Chelsea Gray,CON,G,34,543,0,86,203,.424,23,66,.348,63,137,.460,40,49,.816,18,78,92,22,5,59,43,235,/wnba/players/g/graych01w.html,https://www.basketball-reference.com/wnba/players/g/graych01w.html,graych01w
Nikki Greene,CON,F-C,12,101,0,4,10,.400,0,0,,4,10,.400,6,7,.857,9,24,2,3,5,6,21,14,/wnba/players/g/greenni01w.html,https://www.basketball-reference.com/wnba/players/g/greenni01w.html,greenni01w
Brittney Griner,PHO,C,26,799,26,147,260,.565,0,0,,147,260,.565,99,128,.773,43,210,34,8,105,56,71,393,/wnba/players/g/grinebr01w.html,https://www.basketball-reference.com/wnba/players/g/grinebr01w.html,grinebr01w
Dearica Hamby,SAS,F,31,539,16,70,198,.354,6,17,.353,64,181,.354,43,67,.642,42,127,22,13,5,41,40,189,/wnba/players/h/hambyde01w.html,https://www.basketball-reference.com/wnba/players/h/hambyde01w.html,hambyde01w
Jennifer Hamson,LAS,C,25,163,2,16,29,.552,0,0,,16,29,.552,8,29,.276,16,37,5,6,13,5,22,40,/wnba/players/h/hamsoje01w.html,https://www.basketball-reference.com/wnba/players/h/hamsoje01w.html,hamsoje01w
Alex Harden,PHO,G,32,391,0,24,89,.270,6,23,.261,18,66,.273,12,13,.923,11,46,29,23,13,29,46,66,/wnba/players/h/hardeal01w.html,https://www.basketball-reference.com/wnba/players/h/hardeal01w.html,hardeal01w
Bria Hartley,WAS,G,25,306,0,34,112,.304,11,46,.239,23,66,.348,26,34,.765,4,30,41,12,1,21,23,105,/wnba/players/h/hartlbr01w.html,https://www.basketball-reference.com/wnba/players/h/hartlbr01w.html,hartlbr01w
Tiffany Hayes,ATL,G,28,836,27,115,293,.392,31,113,.274,84,180,.467,99,123,.805,29,84,62,29,11,47,97,360,/wnba/players/h/hayesti01w.html,https://www.basketball-reference.com/wnba/players/h/hayesti01w.html,hayesti01w
Aneika Henry-Morello,ATL,F-C,29,518,11,63,130,.485,0,0,,63,130,.485,24,32,.750,42,135,11,9,25,45,73,150,/wnba/players/h/henryan01w.html,https://www.basketball-reference.com/wnba/players/h/henryan01w.html,henryan01w
Tayler Hill,WAS,G,32,545,0,79,227,.348,37,116,.319,42,111,.378,45,62,.726,10,43,28,29,3,28,31,240,/wnba/players/h/hillta01w.html,https://www.basketball-reference.com/wnba/players/h/hillta01w.html,hillta01w
Roneeka Hodges,ATL,G,23,448,9,50,131,.382,27,75,.360,23,56,.411,21,28,.750,10,45,31,4,4,22,31,148,/wnba/players/h/hodgero01w.html,https://www.basketball-reference.com/wnba/players/h/hodgero01w.html,hodgero01w
Quanitra Hollingsworth,SEA,C,27,331,0,27,60,.450,0,1,.000,27,59,.458,33,50,.660,21,98,9,12,8,38,64,87,/wnba/players/h/holliqu01w.html,https://www.basketball-reference.com/wnba/players/h/holliqu01w.html,holliqu01w
Jordan Hooper,TUL,F,34,581,5,54,151,.358,38,111,.342,16,40,.400,13,19,.684,24,70,11,14,4,18,37,159,/wnba/players/h/hoopejo01w.html,https://www.basketball-reference.com/wnba/players/h/hoopejo01w.html,hoopejo01w
Andrea Hoover,LAS,G,12,172,1,15,47,.319,8,28,.286,7,19,.368,7,7,1.000,3,15,4,2,1,8,18,45,/wnba/players/h/hoovean01w.html,https://www.basketball-reference.com/wnba/players/h/hoovean01w.html,hoovean01w
Natasha Howard,IND,F,30,343,2,47,124,.379,0,2,.000,47,122,.385,31,43,.721,28,79,13,13,13,28,61,125,/wnba/players/h/howarna01w.html,https://www.basketball-reference.com/wnba/players/h/howarna01w.html,howarna01w
Tiffany Jackson-Jones,TUL,F,12,175,0,17,34,.500,0,0,,17,34,.500,15,18,.833,15,51,8,6,5,16,11,49,/wnba/players/j/jacksti02w.html,https://www.basketball-reference.com/wnba/players/j/jacksti02w.html,jacksti02w
Briann January,IND,G,29,784,29,81,190,.426,25,58,.431,56,132,.424,49,58,.845,14,52,98,30,6,63,65,236,/wnba/players/j/januabr01w.html,https://www.basketball-reference.com/wnba/players/j/januabr01w.html,januabr01w
Shenise Johnson,IND,G,31,811,27,121,259,.467,31,75,.413,90,184,.489,66,82,.805,39,153,74,35,5,56,67,339,/wnba/players/j/johnssh02w.html,https://www.basketball-reference.com/wnba/players/j/johnssh02w.html,johnssh02w
Temeka Johnson,LAS,G,34,720,11,60,186,.323,17,69,.246,43,117,.368,37,44,.841,11,81,122,23,0,51,74,174,/wnba/players/j/johnste01w.html,https://www.basketball-reference.com/wnba/players/j/johnste01w.html,johnste01w
Asjha Jones,MIN,F,31,541,12,76,185,.411,0,4,.000,76,181,.420,18,30,.600,25,86,51,17,15,34,69,170,/wnba/players/j/jonesas01w.html,https://www.basketball-reference.com/wnba/players/j/jonesas01w.html,jonesas01w
Shae Kelley,MIN,F,8,19,0,0,3,.000,0,0,,0,3,.000,1,2,.500,0,3,1,1,0,1,1,1,/wnba/players/k/kellesh01w.html,https://www.basketball-reference.com/wnba/players/k/kellesh01w.html,kellesh01w
Brianna Kiesel,TUL,G,34,616,15,60,180,.333,12,52,.231,48,128,.375,40,53,.755,8,28,65,28,2,41,61,172,/wnba/players/k/kiesebr01w.html,https://www.basketball-reference.com/wnba/players/k/kiesebr01w.html,kiesebr01w
Lynetta Kizer,IND,F,33,591,14,112,228,.491,0,2,.000,112,226,.496,51,58,.879,43,116,13,19,8,46,91,275,/wnba/players/k/kizerly01w.html,https://www.basketball-reference.com/wnba/players/k/kizerly01w.html,kizerly01w
Betnijah Laney-Hamilton,CHI,G-F,32,411,2,39,99,.394,0,6,.000,39,93,.419,16,23,.696,18,68,19,16,6,18,41,94,/wnba/players/l/laneybe01w.html,https://www.basketball-reference.com/wnba/players/l/laneybe01w.html,laneybe01w
Crystal Langhorne,SEA,F-C,34,873,34,156,286,.545,0,2,.000,156,284,.549,66,88,.750,39,194,32,37,14,70,63,378,/wnba/players/l/langhcr01w.html,https://www.basketball-reference.com/wnba/players/l/langhcr01w.html,langhcr01w
Erlana Larkins,IND,F,21,352,3,24,59,.407,0,0,,24,59,.407,26,38,.684,35,89,28,20,4,15,34,74,/wnba/players/l/larkier01w.html,https://www.basketball-reference.com/wnba/players/l/larkier01w.html,larkier01w
Ivory Latta,WAS,G,34,927,25,143,352,.406,79,203,.389,64,149,.430,90,99,.909,8,61,86,23,1,59,65,455,/wnba/players/l/lattaiv01w.html,https://www.basketball-reference.com/wnba/players/l/lattaiv01w.html,lattaiv01w
Jantel Lavender,LAS,F,34,1148,34,211,402,.525,3,9,.333,208,393,.529,67,76,.882,68,281,62,14,41,72,58,492,/wnba/players/l/lavenja01w.html,https://www.basketball-reference.com/wnba/players/l/lavenja01w.html,lavenja01w
Kara Lawson,WAS,G,22,550,21,70,180,.389,26,81,.321,44,99,.444,45,48,.938,9,65,79,13,3,25,23,211,/wnba/players/l/lawsoka01w.html,https://www.basketball-reference.com/wnba/players/l/lawsoka01w.html,lawsoka01w
Jasmine Lister,LAS,G,7,65,0,8,15,.533,4,5,.800,4,10,.400,0,0,,4,9,4,2,0,7,4,20,/wnba/players/l/listeja01w.html,https://www.basketball-reference.com/wnba/players/l/listeja01w.html,listeja01w
Tricia Liston,MIN,F,31,372,2,34,81,.420,27,63,.429,7,18,.389,10,10,1.000,5,32,23,8,1,9,24,105,/wnba/players/l/listotr01w.html,https://www.basketball-reference.com/wnba/players/l/listotr01w.html,listotr01w
Camille Smith,CON,F,34,918,34,106,261,.406,39,113,.345,67,148,.453,29,33,.879,46,123,53,42,7,58,91,280,/wnba/players/l/littlca01w.html,https://www.basketball-reference.com/wnba/players/l/littlca01w.html,littlca01w
Jewell Loyd,SEA,G,34,882,23,125,304,.411,10,48,.208,115,256,.449,104,115,.904,33,119,66,19,8,68,53,364,/wnba/players/l/loydje01w.html,https://www.basketball-reference.com/wnba/players/l/loydje01w.html,loydje01w
Maggie Lucas,IND,G,30,451,0,54,145,.372,31,83,.373,23,62,.371,31,37,.838,1,25,26,11,3,19,42,170,/wnba/players/l/lucasma01w.html,https://www.basketball-reference.com/wnba/players/l/lucasma01w.html,lucasma01w
Sancho Lyttle,ATL,F,24,721,24,104,219,.475,1,5,.200,103,214,.481,39,53,.736,67,198,52,54,14,38,70,248,/wnba/players/l/lyttlsa01w.html,https://www.basketball-reference.com/wnba/players/l/lyttlsa01w.html,lyttlsa01w
Victoria Macaulay,CHI,F,4,25,0,2,7,.286,0,0,,2,7,.286,0,0,,1,4,0,2,1,3,7,4,/wnba/players/m/macauvi01w.html,https://www.basketball-reference.com/wnba/players/m/macauvi01w.html,macauvi01w
Tess Madgen,PHO,G,8,59,0,3,8,.375,3,5,.600,0,3,.000,1,2,.500,1,6,2,6,2,4,8,10,/wnba/players/m/madgete01w.html,https://www.basketball-reference.com/wnba/players/m/madgete01w.html,madgete01w
Ally Malott,WAS,F,24,216,0,29,66,.439,11,27,.407,18,39,.462,8,10,.800,5,23,7,3,3,14,14,79,/wnba/players/m/malotal01w.html,https://www.basketball-reference.com/wnba/players/m/malotal01w.html,malotal01w
Kayla McBride,SAS,G,27,756,25,131,343,.382,53,142,.373,78,201,.388,58,66,.879,5,84,44,29,3,45,33,373,/wnba/players/m/mcbrika01w.html,https://www.basketball-reference.com/wnba/players/m/mcbrika01w.html,mcbrika01w
Angel McCoughtry,ATL,F-G,34,1021,26,235,569,.413,37,102,.363,198,467,.424,178,221,.805,64,180,94,72,18,107,115,685,/wnba/players/m/mccouan01w.html,https://www.basketball-reference.com/wnba/players/m/mccouan01w.html,mccouan01w
Emma Meesseman,WAS,F,34,924,34,178,320,.556,6,13,.462,172,307,.560,34,41,.829,60,213,58,31,44,44,96,396,/wnba/players/m/meessem01w.html,https://www.basketball-reference.com/wnba/players/m/meessem01w.html,meessem01w
DeLisha Milton-Jones,ATL,F,18,161,1,16,47,.340,1,10,.100,15,37,.405,5,9,.556,10,33,8,7,2,13,30,38,/wnba/players/m/miltode01w.html,https://www.basketball-reference.com/wnba/players/m/miltode01w.html,miltode01w
Leilani Mitchell,PHO,G,34,782,26,80,214,.374,44,111,.396,36,103,.350,24,27,.889,12,72,91,35,4,48,57,228,/wnba/players/m/mitchle01w.html,https://www.basketball-reference.com/wnba/players/m/mitchle01w.html,mitchle01w
Alex Montgomery,SAS,G-F,14,234,3,29,77,.377,4,20,.200,25,57,.439,7,10,.700,16,58,10,8,7,16,24,69,/wnba/players/m/montgal01w.html,https://www.basketball-reference.com/wnba/players/m/montgal01w.html,montgal01w
Maya Moore,MIN,F,33,1102,33,238,566,.420,69,192,.359,169,374,.452,136,159,.855,62,222,115,56,26,79,94,681,/wnba/players/m/moorema01w.html,https://www.basketball-reference.com/wnba/players/m/moorema01w.html,moorema01w
Kaleena Mosqueda-Lewis,SEA,F,27,333,0,62,159,.390,18,64,.281,44,95,.463,14,16,.875,5,24,17,6,2,21,26,156,/wnba/players/m/mosquka01w.html,https://www.basketball-reference.com/wnba/players/m/mosquka01w.html,mosquka01w
Nneka Ogwumike,LAS,F,24,784,23,147,280,.525,1,12,.083,146,268,.545,84,97,.866,48,167,50,25,11,43,57,379,/wnba/players/o/ogwumnn01w.html,https://www.basketball-reference.com/wnba/players/o/ogwumnn01w.html,ogwumnn01w
Jenna O'Hea,SEA,F,34,710,14,64,168,.381,36,94,.383,28,74,.378,36,39,.923,5,63,82,19,10,40,54,200,/wnba/players/o/oheaje01w.html,https://www.basketball-reference.com/wnba/players/o/oheaje01w.html,oheaje01w
Jennifer O'Neill,MIN,G,13,101,0,8,23,.348,5,9,.556,3,14,.214,8,8,1.000,2,14,10,3,1,9,9,29,/wnba/players/o/oneilje01w.html,https://www.basketball-reference.com/wnba/players/o/oneilje01w.html,oneilje01w
Inga Orekhova,CON,G,4,11,0,0,4,.000,0,2,.000,0,2,.000,0,0,,1,1,0,0,0,1,0,0,/wnba/players/o/orekhin01w.html,https://www.basketball-reference.com/wnba/players/o/orekhin01w.html,orekhin01w
Courtney Paris,TUL,C,34,849,34,104,214,.486,0,0,,104,214,.486,17,40,.425,102,317,43,12,41,34,105,225,/wnba/players/p/parisco01w.html,https://www.basketball-reference.com/wnba/players/p/parisco01w.html,parisco01w
Candace Parker,LAS,F-C,16,551,16,116,237,.489,12,43,.279,104,194,.536,66,81,.815,18,161,100,31,29,40,39,310,/wnba/players/p/parkeca01w.html,https://www.basketball-reference.com/wnba/players/p/parkeca01w.html,parkeca01w
Cheyenne Parker-Tyus,CHI,F,30,279,0,28,70,.400,0,0,,28,70,.400,10,26,.385,30,74,6,7,21,16,40,66,/wnba/players/p/parkech01w.html,https://www.basketball-reference.com/wnba/players/p/parkech01w.html,parkech01w
Kayla Pedersen,CON,F,33,510,1,39,90,.433,0,0,,39,90,.433,19,23,.826,29,86,40,23,8,20,48,97,/wnba/players/p/pederka01w.html,https://www.basketball-reference.com/wnba/players/p/pederka01w.html,pederka01w
Jia Perkins,SAS,G,26,710,26,124,330,.376,25,92,.272,99,238,.416,73,83,.880,20,79,45,38,8,32,45,346,/wnba/players/p/perkiji01w.html,https://www.basketball-reference.com/wnba/players/p/perkiji01w.html,perkiji01w
Devereaux Peters,MIN,F,33,481,0,44,98,.449,3,8,.375,41,90,.456,13,15,.867,30,112,28,7,29,30,37,104,/wnba/players/p/peterde01w.html,https://www.basketball-reference.com/wnba/players/p/peterde01w.html,peterde01w
Erin Phillips,LAS,G,12,371,12,26,91,.286,12,45,.267,14,46,.304,17,20,.850,10,36,37,11,2,18,29,81,/wnba/players/p/philler01w.html,https://www.basketball-reference.com/wnba/players/p/philler01w.html,philler01w
Plenette Pierson,TUL,F,30,843,29,152,348,.437,17,47,.362,135,301,.449,63,78,.808,35,122,57,29,12,54,86,384,/wnba/players/p/pierspl01w.html,https://www.basketball-reference.com/wnba/players/p/pierspl01w.html,pierspl01w
Theresa Plaisance,TUL,F,25,205,1,16,57,.281,8,25,.320,8,32,.250,7,10,.700,19,48,5,6,4,2,29,47,/wnba/players/p/plaisth01w.html,https://www.basketball-reference.com/wnba/players/p/plaisth01w.html,plaisth01w
Jeanette Pohlen-Mavunga,IND,G,26,259,1,21,52,.404,15,38,.395,6,14,.429,6,8,.750,5,22,16,13,1,11,23,63,/wnba/players/p/pohleje01w.html,https://www.basketball-reference.com/wnba/players/p/pohleje01w.html,pohleje01w
Cappie Pondexter,CHI,G,29,877,29,163,371,.439,24,63,.381,139,308,.451,84,102,.824,7,110,61,28,6,41,61,434,/wnba/players/p/pondeca01w.html,https://www.basketball-reference.com/wnba/players/p/pondeca01w.html,pondeca01w
Armintie Herrington,WAS,G,25,260,3,18,43,.419,0,1,.000,18,42,.429,6,15,.400,16,46,26,13,1,15,28,42,/wnba/players/p/pricear01w.html,https://www.basketball-reference.com/wnba/players/p/pricear01w.html,pricear01w
Epiphanny Prince,NYL,G,24,686,23,136,291,.467,26,73,.356,110,218,.505,63,70,.900,19,70,82,47,5,38,32,361,/wnba/players/p/princep01w.html,https://www.basketball-reference.com/wnba/players/p/princep01w.html,princep01w
LaToya Sanders,WAS,F-C,23,416,0,45,112,.402,0,0,,45,112,.402,26,34,.765,45,132,21,20,48,18,60,116,/wnba/players/p/pringla01w.html,https://www.basketball-reference.com/wnba/players/p/pringla01w.html,pringla01w
Allie Quigley,CHI,G,32,720,7,140,325,.431,36,106,.340,104,219,.475,38,46,.826,10,56,53,13,16,45,41,354,/wnba/players/q/quiglal01w.html,https://www.basketball-reference.com/wnba/players/q/quiglal01w.html,quiglal01w
Noelle Quinn,PHO,G,34,632,1,54,128,.422,12,37,.324,42,91,.462,19,24,.792,6,88,66,15,9,29,49,139,/wnba/players/q/quinnno01w.html,https://www.basketball-reference.com/wnba/players/q/quinnno01w.html,quinnno01w
Danielle Robinson,SAS,G,30,902,30,105,269,.390,0,5,.000,105,264,.398,65,72,.903,14,74,149,22,2,78,36,275,/wnba/players/r/robinda01w.html,https://www.basketball-reference.com/wnba/players/r/robinda01w.html,robinda01w
Sugar Rodgers,NYL,G,33,618,5,84,247,.340,41,128,.320,43,119,.361,59,67,.881,23,73,48,24,7,33,70,268,/wnba/players/r/rodgesu01w.html,https://www.basketball-reference.com/wnba/players/r/rodgesu01w.html,rodgesu01w
Tierra Ruffin-Pratt,WAS,G,32,765,31,79,213,.371,14,43,.326,65,170,.382,66,87,.759,26,96,68,26,10,42,82,238,/wnba/players/r/ruffiti01w.html,https://www.basketball-reference.com/wnba/players/r/ruffiti01w.html,ruffiti01w
Shoni Schimmel,ATL,G,32,634,16,85,225,.378,49,128,.383,36,97,.371,24,28,.857,12,79,101,24,5,76,34,243,/wnba/players/s/schimsh01w.html,https://www.basketball-reference.com/wnba/players/s/schimsh01w.html,schimsh01w
Odyssey Sims,TUL,G,23,723,19,114,309,.369,18,87,.207,96,222,.432,122,144,.847,16,78,88,25,1,64,55,368,/wnba/players/s/simsod01w.html,https://www.basketball-reference.com/wnba/players/s/simsod01w.html,simsod01w
Michelle Snow,LAS,C,2,26,0,3,7,.429,0,0,,3,7,.429,0,2,.000,0,3,0,0,1,4,4,6,/wnba/players/s/snowmi01w.html,https://www.basketball-reference.com/wnba/players/s/snowmi01w.html,snowmi01w
Kiah Stokes,NYL,C,34,862,6,82,150,.547,0,2,.000,82,148,.554,33,48,.688,60,219,26,24,67,37,76,197,/wnba/players/s/stokeki01w.html,https://www.basketball-reference.com/wnba/players/s/stokeki01w.html,stokeki01w
Shekinna Stricklen,CON,F,34,599,0,95,231,.411,51,142,.359,44,89,.494,22,28,.786,25,63,22,19,8,20,46,263,/wnba/players/s/stricsh01w.html,https://www.basketball-reference.com/wnba/players/s/stricsh01w.html,stricsh01w
Carolyn Swords,NYL,C,34,510,22,67,132,.508,0,0,,67,132,.508,38,47,.809,51,136,20,18,22,37,95,172,/wnba/players/s/swordca01w.html,https://www.basketball-reference.com/wnba/players/s/swordca01w.html,swordca01w
Alyssa Thomas,CON,F,24,623,23,69,168,.411,0,0,,69,168,.411,72,104,.692,61,126,33,29,5,42,65,210,/wnba/players/t/thomaal01w.html,https://www.basketball-reference.com/wnba/players/t/thomaal01w.html,thomaal01w
Jasmine Thomas,CON,G,34,907,34,100,305,.328,31,104,.298,69,201,.343,47,60,.783,19,127,133,41,14,77,74,278,/wnba/players/t/thomaja01w.html,https://www.basketball-reference.com/wnba/players/t/thomaja01w.html,thomaja01w
Kayla Thornton,WAS,F,10,88,0,9,27,.333,0,1,.000,9,26,.346,4,6,.667,12,21,1,3,3,5,12,22,/wnba/players/t/thornka01w.html,https://www.basketball-reference.com/wnba/players/t/thornka01w.html,thornka01w
Ramu Tokashiki,SEA,F,30,618,16,98,236,.415,0,2,.000,98,234,.419,50,58,.862,21,98,24,7,27,26,60,246,/wnba/players/t/tokasra01w.html,https://www.basketball-reference.com/wnba/players/t/tokasra01w.html,tokasra01w
Kristi Toliver,LAS,G,28,864,28,119,265,.449,43,112,.384,76,153,.497,65,72,.903,10,64,104,23,1,63,47,346,/wnba/players/t/tolivkr01w.html,https://www.basketball-reference.com/wnba/players/t/tolivkr01w.html,tolivkr01w
Marianna Tolo,LAS,C,28,531,14,54,117,.462,0,7,.000,54,110,.491,29,36,.806,21,83,29,7,28,27,84,137,/wnba/players/t/toloma01w.html,https://www.basketball-reference.com/wnba/players/t/toloma01w.html,toloma01w
Courtney Vandersloot,CHI,G,34,1015,34,146,315,.463,32,90,.356,114,225,.507,64,71,.901,22,115,198,45,18,71,93,388,/wnba/players/v/vandeco01w.html,https://www.basketball-reference.com/wnba/players/v/vandeco01w.html,vandeco01w
Kia Vaughn,WAS,C,20,355,1,46,102,.451,0,0,,46,102,.451,22,33,.667,22,84,20,7,7,25,41,114,/wnba/players/v/vaughki01w.html,https://www.basketball-reference.com/wnba/players/v/vaughki01w.html,vaughki01w
Avery Warley-Talbert,NYL,C,26,179,0,13,37,.351,0,0,,13,37,.351,12,18,.667,24,71,4,7,3,21,29,38,/wnba/players/w/warleav01w.html,https://www.basketball-reference.com/wnba/players/w/warleav01w.html,warleav01w
Lindsay Whalen,MIN,G,29,874,29,121,262,.462,6,14,.429,115,248,.464,67,76,.882,16,86,123,12,3,62,55,315,/wnba/players/w/whaleli01w.html,https://www.basketball-reference.com/wnba/players/w/whaleli01w.html,whaleli01w
Candice Wiggins,NYL,G,32,413,2,28,88,.318,20,51,.392,8,37,.216,13,19,.684,7,60,26,13,3,32,42,89,/wnba/players/w/wiggica01w.html,https://www.basketball-reference.com/wnba/players/w/wiggica01w.html,wiggica01w
Elizabeth Williams,CON,C-F,21,246,0,28,53,.528,0,0,,28,53,.528,14,25,.560,22,68,8,6,19,11,20,70,/wnba/players/w/williel01w.html,https://www.basketball-reference.com/wnba/players/w/williel01w.html,williel01w
Riquna Williams,TUL,G,29,813,20,130,369,.352,56,162,.346,74,207,.357,136,160,.850,16,100,74,43,15,47,78,452,/wnba/players/w/williri02w.html,https://www.basketball-reference.com/wnba/players/w/williri02w.html,williri02w
Monica Wright,MIN,G,7,80,0,4,20,.200,1,6,.167,3,14,.214,6,7,.857,1,6,8,2,1,7,7,15,/wnba/players/w/wrighmo01w.html,https://www.basketball-reference.com/wnba/players/w/wrighmo01w.html,wrighmo01w
Tanisha Wright,NYL,G,34,805,34,89,212,.420,12,33,.364,77,179,.430,60,71,.845,22,81,119,28,3,73,68,250,/wnba/players/w/wrighta01w.html,https://www.basketball-reference.com/wnba/players/w/wrighta01w.html,wrighta01w
Marta Xargay,PHO,G,20,349,8,29,74,.392,9,24,.375,20,50,.400,11,15,.733,9,35,48,9,3,42,48,78,/wnba/players/x/xargama01w.html,https://www.basketball-reference.com/wnba/players/x/xargama01w.html,xargama01w
Sophia Young-Malcolm,SAS,F,34,931,29,151,330,.458,0,3,.000,151,327,.462,90,122,.738,49,170,46,42,9,55,64,392,/wnba/players/y/youngso01w.html,https://www.basketball-reference.com/wnba/players/y/youngso01w.html,youngso01w
Tamera Young,CHI,F,19,325,10,31,79,.392,0,0,,31,79,.392,24,29,.828,16,55,25,11,7,17,39,86,/wnba/players/y/youngta01w.html,https://www.basketball-reference.com/wnba/players/y/youngta01w.html,youngta01w
Amanda Zahui B.,TUL,C,31,300,0,39,108,.361,12,36,.333,27,72,.375,15,20,.750,26,75,10,7,19,20,58,105,/wnba/players/z/zahuiam01w.html,https://www.basketball-reference.com/wnba/players/z/zahuiam01w.html,zahuiam01w
Shavonte Zellous,IND,G,23,511,1,61,161,.379,7,29,.241,54,132,.409,64,83,.771,12,54,43,22,8,27,68,193,/wnba/players/z/zellosh01w.html,https://www.basketball-reference.com/wnba/players/z/zellosh01w.html,zellosh01w
Sylvia Fowles,MIN,C,18,521,18,103,203,.507,0,0,,103,203,.507,69,94,.734,41,150,15,18,28,32,43,275,/wnba/players/f/fowlesy01w.html,https://www.basketball-reference.com/wnba/players/f/fowlesy01w.html,fowlesy01w
Damiris Dantas,TOT,C-F,32,663,20,82,182,.451,6,15,.400,76,167,.455,51,56,.911,42,139,30,18,14,35,70,221,/wnba/players/d/dantada01w.html,https://www.basketball-reference.com/wnba/players/d/dantada01w.html,dantada01w
Erika de Souza,TOT,F-C,34,821,32,109,231,.472,0,0,,109,231,.472,23,45,.511,78,221,29,25,28,43,96,241,/wnba/players/d/desouer01w.html,https://www.basketball-reference.com/wnba/players/d/desouer01w.html,desouer01w
Reshanda Gray,TOT,F,27,288,1,37,76,.487,0,0,,37,76,.487,33,48,.688,21,58,5,8,8,20,56,107,/wnba/players/g/grayre01w.html,https://www.basketball-reference.com/wnba/players/g/grayre01w.html,grayre01w
Kalana Greene,TOT,G,13,243,6,19,56,.339,2,14,.143,17,42,.405,12,14,.857,6,35,11,9,3,3,19,52,/wnba/players/g/greenka01w.html,https://www.basketball-reference.com/wnba/players/g/greenka01w.html,greenka01w
Brittany Hrynko,TOT,G,7,18,0,1,7,.143,0,5,.000,1,2,.500,0,0,,0,0,1,0,0,1,3,2,/wnba/players/h/hrynkbr01w.html,https://www.basketball-reference.com/wnba/players/h/hrynkbr01w.html,hrynkbr01w
Jennifer Lacy,TOT,F,27,494,15,62,143,.434,25,75,.333,37,68,.544,28,37,.757,19,68,12,9,10,18,56,177,/wnba/players/l/lacyje01w.html,https://www.basketball-reference.com/wnba/players/l/lacyje01w.html,lacyje01w
Samantha Logic,TOT,G,27,342,0,18,75,.240,6,31,.194,12,44,.273,6,7,.857,7,38,31,8,7,25,19,48,/wnba/players/l/logicsa01w.html,https://www.basketball-reference.com/wnba/players/l/logicsa01w.html,logicsa01w
Renee Montgomery,TOT,G,36,643,7,83,223,.372,33,106,.311,50,117,.427,30,37,.811,7,53,99,29,4,53,60,229,/wnba/players/m/montgre01w.html,https://www.basketball-reference.com/wnba/players/m/montgre01w.html,montgre01w
Erica Wheeler,TOT,G,20,229,0,37,83,.446,6,20,.300,31,63,.492,10,16,.625,4,20,27,12,0,27,28,90,/wnba/players/w/wheeler01w.html,https://www.basketball-reference.com/wnba/players/w/wheeler01w.html,wheeler01w
Damiris Dantas,MIN,C-F,16,267,4,36,62,.581,2,3,.667,34,59,.576,15,19,.789,10,53,19,3,5,18,36,89,/wnba/players/d/dantada01w.html,https://www.basketball-reference.com/wnba/players/d/dantada01w.html,dantada01w
Erika de Souza,ATL,F-C,17,492,17,67,146,.459,0,0,,67,146,.459,13,24,.542,46,127,21,16,14,30,52,147,/wnba/players/d/desouer01w.html,https://www.basketball-reference.com/wnba/players/d/desouer01w.html,desouer01w
Reshanda Gray,MIN,F,10,37,0,3,7,.429,0,0,,3,7,.429,0,3,.000,2,10,1,2,2,4,5,6,/wnba/players/g/grayre01w.html,https://www.basketball-reference.com/wnba/players/g/grayre01w.html,grayre01w
Kalana Greene,SAS,G,11,219,6,19,52,.365,2,13,.154,17,39,.436,8,8,1.000,5,32,8,8,3,3,18,48,/wnba/players/g/greenka01w.html,https://www.basketball-reference.com/wnba/players/g/greenka01w.html,greenka01w
Brittany Hrynko,SAS,G,5,15,0,1,6,.167,0,4,.000,1,2,.500,0,0,,0,0,1,0,0,1,3,2,/wnba/players/h/hrynkbr01w.html,https://www.basketball-reference.com/wnba/players/h/hrynkbr01w.html,hrynkbr01w
Jennifer Lacy,LAS,F,8,176,4,18,44,.409,8,27,.296,10,17,.588,0,0,,8,23,5,2,1,5,21,44,/wnba/players/l/lacyje01w.html,https://www.basketball-reference.com/wnba/players/l/lacyje01w.html,lacyje01w
Samantha Logic,ATL,G,4,23,0,1,11,.091,1,8,.125,0,3,.000,0,0,,2,3,2,1,0,1,5,3,/wnba/players/l/logicsa01w.html,https://www.basketball-reference.com/wnba/players/l/logicsa01w.html,logicsa01w
Renee Montgomery,SEA,G,17,303,2,40,106,.377,20,51,.392,20,55,.364,20,23,.870,3,31,51,16,3,34,35,120,/wnba/players/m/montgre01w.html,https://www.basketball-reference.com/wnba/players/m/montgre01w.html,montgre01w
Erica Wheeler,ATL,G,17,203,0,32,70,.457,6,15,.400,26,55,.473,6,12,.500,4,16,26,8,0,21,26,76,/wnba/players/w/wheeler01w.html,https://www.basketball-reference.com/wnba/players/w/wheeler01w.html,wheeler01w
Damiris Dantas,ATL,C-F,16,396,16,46,120,.383,4,12,.333,42,108,.389,36,37,.973,32,86,11,15,9,17,34,132,/wnba/players/d/dantada01w.html,https://www.basketball-reference.com/wnba/players/d/dantada01w.html,dantada01w
Erika de Souza,CHI,F-C,17,329,15,42,85,.494,0,0,,42,85,.494,10,21,.476,32,94,8,9,14,13,44,94,/wnba/players/d/desouer01w.html,https://www.basketball-reference.com/wnba/players/d/desouer01w.html,desouer01w
Reshanda Gray,ATL,F,17,251,1,34,69,.493,0,0,,34,69,.493,33,45,.733,19,48,4,6,6,16,51,101,/wnba/players/g/grayre01w.html,https://www.basketball-reference.com/wnba/players/g/grayre01w.html,grayre01w
Kalana Greene,MIN,G,2,24,0,0,4,.000,0,1,.000,0,3,.000,4,6,.667,1,3,3,1,0,0,1,4,/wnba/players/g/greenka01w.html,https://www.basketball-reference.com/wnba/players/g/greenka01w.html,greenka01w
Brittany Hrynko,TUL,G,2,3,0,0,1,.000,0,1,.000,0,0,,0,0,,0,0,0,0,0,0,0,0,/wnba/players/h/hrynkbr01w.html,https://www.basketball-reference.com/wnba/players/h/hrynkbr01w.html,hrynkbr01w
Jennifer Lacy,CON,F,19,318,11,44,99,.444,17,48,.354,27,51,.529,28,37,.757,11,45,7,7,9,13,35,133,/wnba/players/l/lacyje01w.html,https://www.basketball-reference.com/wnba/players/l/lacyje01w.html,lacyje01w
Samantha Logic,SAS,G,23,319,0,17,64,.266,5,23,.217,12,41,.293,6,7,.857,5,35,29,7,7,24,14,45,/wnba/players/l/logicsa01w.html,https://www.basketball-reference.com/wnba/players/l/logicsa01w.html,logicsa01w
Renee Montgomery,MIN,G,19,340,5,43,117,.368,13,55,.236,30,62,.484,10,14,.714,4,22,48,13,1,19,25,109,/wnba/players/m/montgre01w.html,https://www.basketball-reference.com/wnba/players/m/montgre01w.html,montgre01w
Erica Wheeler,NYL,G,3,26,0,5,13,.385,0,5,.000,5,8,.625,4,4,1.000,0,4,1,4,0,6,2,14,/wnba/players/w/wheeler01w.html,https://www.basketball-reference.com/wnba/players/w/wheeler01w.html,wheeler01w
