player,team,pos,g,mp,gs,fg,fga,fg_pct,fg3,fg3a,fg3_pct,fg2,fg2a,fg2_pct,ft,fta,ft_pct,orb,trb,ast,stl,blk,tov,pf,pts,player_href,player_url,player_id
Natalie Achonwa,IND,F,30,636,18,99,203,.488,3,12,.250,96,191,.503,60,66,.909,48,156,48,18,20,29,77,261,/wnba/players/a/achonna01w.html,https://www.basketball-reference.com/wnba/players/a/achonna01w.html,achonna01w
Kayla Alexander,CHI,C,3,20,0,3,4,.750,0,0,,3,4,.750,3,4,.750,2,7,1,0,0,1,3,9,/wnba/players/a/alexaka01w.html,https://www.basketball-reference.com/wnba/players/a/alexaka01w.html,alexaka01w
Rebecca Allen,NYL,F-G,24,412,2,65,156,.417,29,68,.426,36,88,.409,13,16,.813,12,61,17,12,18,17,51,172,/wnba/players/a/allenre01w.html,https://www.basketball-reference.com/wnba/players/a/allenre01w.html,allenre01w
Jillian Alleyne,MIN,C-F,5,14,0,2,6,.333,0,0,,2,6,.333,0,0,,2,5,1,0,1,0,0,4,/wnba/players/a/alleyji01w.html,https://www.basketball-reference.com/wnba/players/a/alleyji01w.html,alleyji01w
Ariel Atkins,WAS,G,33,804,33,123,296,.416,51,143,.357,72,153,.471,43,53,.811,24,93,65,48,18,34,73,340,/wnba/players/a/atkinar01w.html,https://www.basketball-reference.com/wnba/players/a/atkinar01w.html,atkinar01w
Seimone Augustus,MIN,G-F,12,156,7,20,64,.313,2,12,.167,18,52,.346,3,4,.750,2,7,15,5,1,12,5,45,/wnba/players/a/augusse01w.html,https://www.basketball-reference.com/wnba/players/a/augusse01w.html,augusse01w
Rachel Banham,CON,G,29,353,0,37,115,.322,22,72,.306,15,43,.349,9,13,.692,1,30,26,8,2,26,34,105,/wnba/players/b/banhara01w.html,https://www.basketball-reference.com/wnba/players/b/banhara01w.html,banhara01w
Alana Beard,LAS,G-F,16,235,3,22,49,.449,1,5,.200,21,44,.477,7,9,.778,2,24,23,12,3,9,21,52,/wnba/players/b/beardal01w.html,https://www.basketball-reference.com/wnba/players/b/beardal01w.html,beardal01w
Kenisha Bell,MIN,G,3,11,0,0,1,.000,0,1,.000,0,0,,0,0,,0,1,1,0,0,1,1,0,/wnba/players/b/bellke01w.html,https://www.basketball-reference.com/wnba/players/b/bellke01w.html,bellke01w
Alex Bentley,ATL,G,29,634,4,99,323,.307,32,136,.235,67,187,.358,30,35,.857,10,54,86,21,9,44,56,260,/wnba/players/b/bentlal01w.html,https://www.basketball-reference.com/wnba/players/b/bentlal01w.html,bentlal01w
Tiffany Bias,NYL,G,12,105,0,7,28,.250,3,19,.158,4,9,.444,6,7,.857,0,6,11,3,0,8,7,23,/wnba/players/b/biasti01w.html,https://www.basketball-reference.com/wnba/players/b/biasti01w.html,biasti01w
Monique Billings,ATL,F,29,553,2,56,144,.389,1,1,1.000,55,143,.385,47,60,.783,61,201,16,17,12,46,66,160,/wnba/players/b/billimo01w.html,https://www.basketball-reference.com/wnba/players/b/billimo01w.html,billimo01w
DeWanna Bonner,PHO,G-F,34,1120,34,190,504,.377,52,191,.272,138,313,.441,153,167,.916,34,260,92,44,21,53,55,585,/wnba/players/b/bonnede01w.html,https://www.basketball-reference.com/wnba/players/b/bonnede01w.html,bonnede01w
Brittany Boyd,NYL,G,33,649,17,71,180,.394,7,23,.304,64,157,.408,26,34,.765,27,121,151,47,4,81,68,175,/wnba/players/b/boydbr01w.html,https://www.basketball-reference.com/wnba/players/b/boydbr01w.html,boydbr01w
Imani McGee-Stafford,DAL,C,29,346,6,51,109,.468,1,4,.250,50,105,.476,9,14,.643,44,111,18,17,18,34,58,112,/wnba/players/b/boyetim01w.html,https://www.basketball-reference.com/wnba/players/b/boyetim01w.html,boyetim01w
Jessica Breland,ATL,F,33,767,33,104,275,.378,9,38,.237,95,237,.401,29,33,.879,42,240,55,42,35,38,65,246,/wnba/players/b/brelaje01w.html,https://www.basketball-reference.com/wnba/players/b/brelaje01w.html,brelaje01w
Kalani Brown,LAS,C,28,377,0,54,113,.478,0,1,.000,54,112,.482,36,46,.783,34,98,17,9,22,29,47,144,/wnba/players/b/brownka01w.html,https://www.basketball-reference.com/wnba/players/b/brownka01w.html,brownka01w
Lexie Brown,MIN,G,33,605,0,84,209,.402,52,135,.385,32,74,.432,30,38,.789,7,45,47,31,1,41,42,250,/wnba/players/b/brownle02w.html,https://www.basketball-reference.com/wnba/players/b/brownle02w.html,brownle02w
Kennedy Burke,IND,G-F,31,423,7,45,117,.385,14,40,.350,31,77,.403,31,44,.705,18,45,22,18,10,21,30,135,/wnba/players/b/burkeke01w.html,https://www.basketball-reference.com/wnba/players/b/burkeke01w.html,burkeke01w
Liz Cambage,LVA,C,32,807,30,196,389,.504,2,12,.167,194,377,.515,116,155,.748,63,261,68,19,51,72,88,510,/wnba/players/c/cambael01w.html,https://www.basketball-reference.com/wnba/players/c/cambael01w.html,cambael01w
Jordin Canada,SEA,G,30,865,29,112,289,.388,8,43,.186,104,246,.423,63,82,.768,13,71,155,68,7,79,48,295,/wnba/players/c/canadjo01w.html,https://www.basketball-reference.com/wnba/players/c/canadjo01w.html,canadjo01w
Essence Carson,PHO,G,23,425,13,45,128,.352,14,41,.341,31,87,.356,29,37,.784,11,51,35,12,8,17,23,133,/wnba/players/c/carsoes01w.html,https://www.basketball-reference.com/wnba/players/c/carsoes01w.html,carsoes01w
Arica Carter,PHO,G,6,24,0,1,5,.200,0,4,.000,1,1,1.000,0,0,,0,0,1,1,0,2,5,2,/wnba/players/c/cartear01w.html,https://www.basketball-reference.com/wnba/players/c/cartear01w.html,cartear01w
Maite Cazorla,ATL,G,31,477,1,29,93,.312,13,55,.236,16,38,.421,21,24,.875,2,21,49,18,1,29,22,92,/wnba/players/c/cazorma01w.html,https://www.basketball-reference.com/wnba/players/c/cazorma01w.html,cazorma01w
Tina Charles,NYL,C,33,1028,33,220,566,.389,11,59,.186,209,507,.412,108,133,.812,65,249,78,23,29,85,92,559,/wnba/players/c/charlti01w.html,https://www.basketball-reference.com/wnba/players/c/charlti01w.html,charlti01w
Karima Christmas-Kelly,MIN,F-G,6,72,0,5,18,.278,3,11,.273,2,7,.286,3,5,.600,1,5,6,5,1,4,8,16,/wnba/players/c/chriska02w.html,https://www.basketball-reference.com/wnba/players/c/chriska02w.html,chriska02w
Layshia Clarendon,CON,G,9,138,0,18,43,.419,2,2,1.000,16,41,.390,18,21,.857,7,22,19,3,0,8,7,56,/wnba/players/c/clarela01w.html,https://www.basketball-reference.com/wnba/players/c/clarela01w.html,clarela01w
Alysha Clark,SEA,F,31,881,30,114,237,.481,51,106,.481,63,131,.481,18,22,.818,37,145,79,33,17,48,60,297,/wnba/players/c/clarkal01w.html,https://www.basketball-reference.com/wnba/players/c/clarkal01w.html,clarkal01w
Natasha Cloud,WAS,G,34,1093,34,110,279,.394,45,138,.326,65,141,.461,41,60,.683,6,85,189,35,7,65,69,306,/wnba/players/c/cloudna01w.html,https://www.basketball-reference.com/wnba/players/c/cloudna01w.html,cloudna01w
Nia Coffey,ATL,F,28,389,6,47,139,.338,22,58,.379,25,81,.309,23,42,.548,23,78,12,14,13,21,52,139,/wnba/players/c/coffeni01w.html,https://www.basketball-reference.com/wnba/players/c/coffeni01w.html,coffeni01w
Napheesa Collier,MIN,F,34,1131,34,167,341,.490,30,83,.361,137,258,.531,80,101,.792,60,223,87,65,32,65,99,444,/wnba/players/c/collina01w.html,https://www.basketball-reference.com/wnba/players/c/collina01w.html,collina01w
Sydney Colson,LVA,G,33,379,0,37,84,.440,9,20,.450,28,64,.438,27,33,.818,2,23,59,31,4,28,40,110,/wnba/players/c/colsosy01w.html,https://www.basketball-reference.com/wnba/players/c/colsosy01w.html,colsosy01w
Kahleah Copper,CHI,G-F,34,502,0,79,204,.387,15,49,.306,64,155,.413,54,70,.771,12,64,30,14,3,43,51,227,/wnba/players/c/coppeka01w.html,https://www.basketball-reference.com/wnba/players/c/coppeka01w.html,coppeka01w
Sophie Cunningham,PHO,G,32,389,5,28,79,.354,14,46,.304,14,33,.424,30,34,.882,6,45,25,11,4,20,53,100,/wnba/players/c/cunniso01w.html,https://www.basketball-reference.com/wnba/players/c/cunniso01w.html,cunniso01w
Damiris Dantas,MIN,C-F,26,667,26,89,206,.432,42,107,.393,47,99,.475,19,26,.731,28,116,84,19,15,45,74,239,/wnba/players/d/dantada01w.html,https://www.basketball-reference.com/wnba/players/d/dantada01w.html,dantada01w
Kaela Davis,DAL,F,33,634,16,76,231,.329,16,51,.314,60,180,.333,29,33,.879,16,73,69,18,6,73,79,197,/wnba/players/d/daviska01w.html,https://www.basketball-reference.com/wnba/players/d/daviska01w.html,daviska01w
Elena Delle Donne,WAS,F-G,31,901,31,220,427,.515,52,121,.430,168,306,.549,114,117,.974,48,255,68,19,39,30,32,606,/wnba/players/d/delleel01w.html,https://www.basketball-reference.com/wnba/players/d/delleel01w.html,delleel01w
Diamond DeShields,CHI,G,34,1027,34,192,481,.399,50,158,.316,142,323,.440,117,140,.836,29,187,82,43,14,74,92,551,/wnba/players/d/deshidi01w.html,https://www.basketball-reference.com/wnba/players/d/deshidi01w.html,deshidi01w
Blake Dietrick,SEA,G,17,106,1,1,10,.100,0,6,.000,1,4,.250,4,6,.667,1,10,16,3,2,10,14,6,/wnba/players/d/dietrbl01w.html,https://www.basketball-reference.com/wnba/players/d/dietrbl01w.html,dietrbl01w
Stefanie Dolson,CHI,C,34,850,34,121,233,.519,30,83,.361,91,150,.607,44,49,.898,41,189,75,21,34,66,125,316,/wnba/players/d/dolsost01w.html,https://www.basketball-reference.com/wnba/players/d/dolsost01w.html,dolsost01w
Candice Dupree,IND,F,34,1043,34,174,369,.472,0,3,.000,174,366,.475,47,56,.839,24,169,86,15,19,52,34,395,/wnba/players/d/dupreca01w.html,https://www.basketball-reference.com/wnba/players/d/dupreca01w.html,dupreca01w
AD Durr,NYL,G,18,480,15,71,152,.467,15,51,.294,56,101,.554,18,22,.818,5,29,31,10,7,21,34,175,/wnba/players/d/durras01w.html,https://www.basketball-reference.com/wnba/players/d/durras01w.html,durras01w
Temi Fagbenle,MIN,C,18,271,0,42,81,.519,1,6,.167,41,75,.547,13,18,.722,22,52,15,6,6,32,41,98,/wnba/players/f/fagbete01w.html,https://www.basketball-reference.com/wnba/players/f/fagbete01w.html,fagbete01w
Jamierra Faulkner,CHI,G,13,72,0,6,18,.333,1,9,.111,5,9,.556,4,8,.500,2,4,11,2,0,5,8,17,/wnba/players/f/faulkja01w.html,https://www.basketball-reference.com/wnba/players/f/faulkja01w.html,faulkja01w
Sylvia Fowles,MIN,C,34,1003,34,197,335,.588,0,0,,197,335,.588,70,99,.707,92,302,51,32,47,68,88,464,/wnba/players/f/fowlesy01w.html,https://www.basketball-reference.com/wnba/players/f/fowlesy01w.html,fowlesy01w
Allisha Gray,DAL,G,34,1035,29,117,256,.457,33,86,.384,84,170,.494,95,112,.848,45,141,78,42,14,49,87,362,/wnba/players/g/grayal01w.html,https://www.basketball-reference.com/wnba/players/g/grayal01w.html,grayal01w
Chelsea Gray,LAS,G,34,1108,34,188,452,.416,50,131,.382,138,321,.430,66,72,.917,14,128,202,33,3,108,49,492,/wnba/players/g/graych01w.html,https://www.basketball-reference.com/wnba/players/g/graych01w.html,graych01w
Reshanda Gray,NYL,F,34,519,10,71,150,.473,1,2,.500,70,148,.473,35,62,.565,62,176,18,16,7,42,113,178,/wnba/players/g/grayre01w.html,https://www.basketball-reference.com/wnba/players/g/grayre01w.html,grayre01w
Brittney Griner,PHO,C,31,1018,31,270,479,.564,1,3,.333,269,476,.565,101,125,.808,51,222,75,22,62,76,85,642,/wnba/players/g/grinebr01w.html,https://www.basketball-reference.com/wnba/players/g/grinebr01w.html,grinebr01w
Marie Gulich,ATL,C,31,349,1,39,108,.361,8,25,.320,31,83,.373,16,22,.727,35,85,19,5,24,32,62,102,/wnba/players/g/gulima01w.html,https://www.basketball-reference.com/wnba/players/g/gulima01w.html,gulima01w
Megan Gustafson,DAL,C,25,238,0,27,55,.491,1,9,.111,26,46,.565,18,20,.900,20,63,7,4,6,10,26,73,/wnba/players/g/gustame01w.html,https://www.basketball-reference.com/wnba/players/g/gustame01w.html,gustame01w
Dearica Hamby,LVA,F,34,842,9,141,289,.488,17,53,.321,124,236,.525,74,103,.718,76,257,65,33,12,61,71,373,/wnba/players/h/hambyde01w.html,https://www.basketball-reference.com/wnba/players/h/hambyde01w.html,hambyde01w
Isabelle Harrison,DAL,F,31,794,29,110,241,.456,0,6,.000,110,235,.468,48,67,.716,72,181,42,35,25,48,80,268,/wnba/players/h/harriis01w.html,https://www.basketball-reference.com/wnba/players/h/harriis01w.html,harriis01w
Bria Hartley,NYL,G,24,545,18,79,210,.376,24,73,.329,55,137,.401,53,66,.803,18,77,76,18,1,50,55,235,/wnba/players/h/hartlbr01w.html,https://www.basketball-reference.com/wnba/players/h/hartlbr01w.html,hartlbr01w
Tianna Hawkins,WAS,F,31,477,1,113,220,.514,33,91,.363,80,129,.620,37,40,.925,47,129,23,14,4,35,77,296,/wnba/players/h/hawkiti01w.html,https://www.basketball-reference.com/wnba/players/h/hawkiti01w.html,hawkiti01w
Tiffany Hayes,ATL,G,29,817,29,147,374,.393,36,117,.308,111,257,.432,97,127,.764,21,87,82,29,8,70,71,427,/wnba/players/h/hayesti01w.html,https://www.basketball-reference.com/wnba/players/h/hayesti01w.html,hayesti01w
Natisha Hiedeman,CON,G,20,205,0,24,58,.414,13,28,.464,11,30,.367,12,24,.500,7,30,38,8,2,13,25,73,/wnba/players/h/hiedena01w.html,https://www.basketball-reference.com/wnba/players/h/hiedena01w.html,hiedena01w
Tayler Hill,DAL,G,4,49,2,4,13,.308,1,6,.167,3,7,.429,4,5,.800,2,5,3,1,0,0,4,13,/wnba/players/h/hillta01w.html,https://www.basketball-reference.com/wnba/players/h/hillta01w.html,hillta01w
Myisha Hines-Allen,WAS,F,27,211,0,25,69,.362,6,16,.375,19,53,.358,7,12,.583,25,58,24,9,11,21,32,63,/wnba/players/h/hinesmy01w.html,https://www.basketball-reference.com/wnba/players/h/hinesmy01w.html,hinesmy01w
Bria Holmes,CON,G,34,529,0,77,193,.399,20,63,.317,57,130,.438,39,58,.672,10,49,31,16,7,30,36,213,/wnba/players/h/holmebr01w.html,https://www.basketball-reference.com/wnba/players/h/holmebr01w.html,holmebr01w
Anriel Howard,SEA,F,3,20,0,2,5,.400,1,2,.500,1,3,.333,0,0,,2,3,0,1,0,2,4,5,/wnba/players/h/howaran01w.html,https://www.basketball-reference.com/wnba/players/h/howaran01w.html,howaran01w
Natasha Howard,SEA,F,34,1066,34,227,517,.439,32,104,.308,195,413,.472,128,158,.810,92,279,72,74,59,99,100,614,/wnba/players/h/howarna01w.html,https://www.basketball-reference.com/wnba/players/h/howarna01w.html,howarna01w
Chloe Jackson,CHI,G,8,32,0,2,9,.222,0,0,,2,9,.222,1,6,.167,3,6,4,5,0,6,1,5,/wnba/players/j/jacksch01w.html,https://www.basketball-reference.com/wnba/players/j/jacksch01w.html,jacksch01w
Briann January,PHO,G,32,852,26,71,182,.390,31,82,.378,40,100,.400,36,43,.837,6,42,103,26,3,54,67,209,/wnba/players/j/januabr01w.html,https://www.basketball-reference.com/wnba/players/j/januabr01w.html,januabr01w
Marine Johannes,NYL,G,19,345,0,48,110,.436,25,66,.379,23,44,.523,15,19,.789,9,34,46,8,3,22,30,136,/wnba/players/j/johanma01w.html,https://www.basketball-reference.com/wnba/players/j/johanma01w.html,johanma01w
Glory Johnson,DAL,F,28,676,19,78,214,.364,35,103,.340,43,111,.387,14,24,.583,27,144,39,39,18,28,45,205,/wnba/players/j/johnsgl01w.html,https://www.basketball-reference.com/wnba/players/j/johnsgl01w.html,johnsgl01w
Shenise Johnson,IND,G,17,219,0,30,90,.333,8,33,.242,22,57,.386,15,16,.938,11,35,18,12,2,12,17,83,/wnba/players/j/johnssh02w.html,https://www.basketball-reference.com/wnba/players/j/johnssh02w.html,johnssh02w
Alexis Jones,LAS,G,20,243,1,28,70,.400,11,33,.333,17,37,.459,12,15,.800,2,22,36,6,4,27,29,79,/wnba/players/j/jonesal01w.html,https://www.basketball-reference.com/wnba/players/j/jonesal01w.html,jonesal01w
Brionna Jones,CON,F,27,227,0,35,75,.467,0,1,.000,35,74,.473,24,36,.667,37,59,9,9,7,19,36,94,/wnba/players/j/jonesbr01w.html,https://www.basketball-reference.com/wnba/players/j/jonesbr01w.html,jonesbr01w
Jonquel Jones,CON,C,34,980,34,173,386,.448,43,139,.309,130,247,.526,108,132,.818,113,330,52,43,68,66,96,497,/wnba/players/j/jonesjo01w.html,https://www.basketball-reference.com/wnba/players/j/jonesjo01w.html,jonesjo01w
Paris Kea,IND,G,11,60,0,11,27,.407,5,9,.556,6,18,.333,2,4,.500,1,5,6,1,2,9,4,29,/wnba/players/k/keapa01w.html,https://www.basketball-reference.com/wnba/players/k/keapa01w.html,keapa01w
Betnijah Laney-Hamilton,IND,G-F,34,877,27,77,213,.362,20,66,.303,57,147,.388,18,31,.581,32,143,59,48,4,49,55,192,/wnba/players/l/laneybe01w.html,https://www.basketball-reference.com/wnba/players/l/laneybe01w.html,laneybe01w
Crystal Langhorne,SEA,F-C,34,577,4,70,171,.409,18,57,.316,52,114,.456,33,44,.750,27,106,33,10,9,43,35,191,/wnba/players/l/langhcr01w.html,https://www.basketball-reference.com/wnba/players/l/langhcr01w.html,langhcr01w
Jantel Lavender,CHI,F,23,619,22,103,210,.490,6,27,.222,97,183,.530,19,21,.905,46,158,26,7,13,32,34,231,/wnba/players/l/lavenja01w.html,https://www.basketball-reference.com/wnba/players/l/lavenja01w.html,lavenja01w
Camille Smith,PHO,F,29,425,0,40,92,.435,7,21,.333,33,71,.465,25,31,.806,19,69,23,11,8,25,51,112,/wnba/players/l/littlca01w.html,https://www.basketball-reference.com/wnba/players/l/littlca01w.html,littlca01w
Jewell Loyd,SEA,G,27,686,21,117,299,.391,34,101,.337,83,198,.419,64,69,.928,11,74,54,35,3,52,33,332,/wnba/players/l/loydje01w.html,https://www.basketball-reference.com/wnba/players/l/loydje01w.html,loydje01w
Sancho Lyttle,PHO,F,20,250,2,26,62,.419,1,4,.250,25,58,.431,5,8,.625,14,58,6,12,5,12,27,58,/wnba/players/l/lyttlsa01w.html,https://www.basketball-reference.com/wnba/players/l/lyttlsa01w.html,lyttlsa01w
Marina Mabrey,LAS,G,31,355,0,45,131,.344,21,77,.273,24,54,.444,14,16,.875,6,38,30,19,7,24,23,125,/wnba/players/m/mabrema01w.html,https://www.basketball-reference.com/wnba/players/m/mabrema01w.html,mabrema01w
Victoria Macaulay,CHI,F,5,22,0,2,5,.400,0,0,,2,5,.400,2,2,1.000,1,4,0,2,1,0,3,6,/wnba/players/m/macauvi01w.html,https://www.basketball-reference.com/wnba/players/m/macauvi01w.html,macauvi01w
Stephanie Mavunga,IND,F,24,204,0,24,47,.511,0,1,.000,24,46,.522,12,17,.706,21,56,4,6,7,10,39,60,/wnba/players/m/mavunst01w.html,https://www.basketball-reference.com/wnba/players/m/mavunst01w.html,mavunst01w
Kayla McBride,LVA,G,34,990,34,152,358,.425,62,145,.428,90,213,.423,87,96,.906,22,141,88,41,3,59,46,453,/wnba/players/m/mcbrika01w.html,https://www.basketball-reference.com/wnba/players/m/mcbrika01w.html,mcbrika01w
Erica McCall,IND,F,15,104,0,3,22,.136,0,0,,3,22,.136,8,8,1.000,11,27,6,1,6,3,13,14,/wnba/players/m/mccaler01w.html,https://www.basketball-reference.com/wnba/players/m/mccaler01w.html,mccaler01w
Brooke McCarty-Williams,DAL,G,34,447,3,26,90,.289,18,50,.360,8,40,.200,11,12,.917,10,45,64,16,1,29,42,81,/wnba/players/m/mccarbr01w.html,https://www.basketball-reference.com/wnba/players/m/mccarbr01w.html,mccarbr01w
Angel McCoughtry,ATL,F-G,1,0,1,0,0,,0,0,,0,0,,0,0,,0,0,0,0,0,0,0,0,/wnba/players/m/mccouan01w.html,https://www.basketball-reference.com/wnba/players/m/mccouan01w.html,mccouan01w
Teaira McCowan,IND,C,34,752,16,119,230,.517,0,0,,119,230,.517,103,150,.687,108,305,8,20,44,44,110,341,/wnba/players/m/mccowte01w.html,https://www.basketball-reference.com/wnba/players/m/mccowte01w.html,mccowte01w
Emma Meesseman,WAS,F,23,543,6,122,221,.552,19,45,.422,103,176,.585,38,42,.905,27,97,73,20,15,22,41,301,/wnba/players/m/meessem01w.html,https://www.basketball-reference.com/wnba/players/m/meessem01w.html,meessem01w
Kim Mestdagh,WAS,G,15,71,0,7,18,.389,6,15,.400,1,3,.333,2,2,1.000,1,4,6,2,0,6,5,22,/wnba/players/m/mestdki01w.html,https://www.basketball-reference.com/wnba/players/m/mestdki01w.html,mestdki01w
Kelsey Mitchell,IND,G,34,852,20,167,432,.387,79,211,.374,88,221,.398,51,61,.836,4,56,90,15,4,57,57,464,/wnba/players/m/mitchke01w.html,https://www.basketball-reference.com/wnba/players/m/mitchke01w.html,mitchke01w
Leilani Mitchell,PHO,G,32,971,27,134,304,.441,74,172,.430,60,132,.455,68,82,.829,16,96,128,30,10,58,78,410,/wnba/players/m/mitchle01w.html,https://www.basketball-reference.com/wnba/players/m/mitchle01w.html,mitchle01w
Tiffany Mitchell,IND,G,33,831,14,109,286,.381,20,69,.290,89,217,.410,83,93,.892,22,95,71,19,3,55,83,321,/wnba/players/m/mitchti01w.html,https://www.basketball-reference.com/wnba/players/m/mitchti01w.html,mitchti01w
Renee Montgomery,ATL,G,34,949,34,107,289,.370,68,210,.324,39,79,.494,42,51,.824,9,74,90,31,6,64,51,324,/wnba/players/m/montgre01w.html,https://www.basketball-reference.com/wnba/players/m/montgre01w.html,montgre01w
Kaleena Mosqueda-Lewis,SEA,F,31,435,4,65,163,.399,28,82,.341,37,81,.457,14,14,1.000,9,36,16,8,5,36,40,172,/wnba/players/m/mosquka01w.html,https://www.basketball-reference.com/wnba/players/m/mosquka01w.html,mosquka01w
Jaime Nared,LVA,G-F,1,1,0,0,0,,0,0,,0,0,,0,0,,0,0,0,0,0,0,1,0,/wnba/players/n/naredja01w.html,https://www.basketball-reference.com/wnba/players/n/naredja01w.html,naredja01w
Astou Ndour-Fall,CHI,C-F,21,368,11,58,118,.492,14,33,.424,44,85,.518,13,18,.722,30,88,14,10,14,14,36,143,/wnba/players/n/ndouras01w.html,https://www.basketball-reference.com/wnba/players/n/ndouras01w.html,ndouras01w
Kia Nurse,NYL,G,34,1001,34,142,361,.393,65,184,.353,77,177,.435,116,133,.872,19,85,78,25,4,56,60,465,/wnba/players/n/nurseki01w.html,https://www.basketball-reference.com/wnba/players/n/nurseki01w.html,nurseki01w
Arike Ogunbowale,DAL,G,33,1059,28,214,551,.388,57,162,.352,157,389,.404,145,178,.815,20,80,106,35,1,68,85,630,/wnba/players/o/ogunbar01w.html,https://www.basketball-reference.com/wnba/players/o/ogunbar01w.html,ogunbar01w
Chiney Ogwumike,LAS,F-C,32,697,14,125,253,.494,1,4,.250,124,249,.498,55,68,.809,81,184,25,33,23,42,110,306,/wnba/players/o/ogwumch01w.html,https://www.basketball-reference.com/wnba/players/o/ogwumch01w.html,ogwumch01w
Nneka Ogwumike,LAS,F,32,892,32,207,406,.510,23,68,.338,184,338,.544,77,93,.828,73,282,58,60,15,58,92,514,/wnba/players/o/ogwumnn01w.html,https://www.basketball-reference.com/wnba/players/o/ogwumnn01w.html,ogwumnn01w
Courtney Paris,SEA,C,30,190,0,6,15,.400,0,0,,6,15,.400,3,7,.429,13,52,13,8,3,9,18,15,/wnba/players/p/parisco01w.html,https://www.basketball-reference.com/wnba/players/p/parisco01w.html,parisco01w
Candace Parker,LAS,F-C,22,571,22,89,211,.422,16,60,.267,73,151,.483,53,67,.791,24,140,76,23,17,54,39,247,/wnba/players/p/parkeca01w.html,https://www.basketball-reference.com/wnba/players/p/parkeca01w.html,parkeca01w
Cheyenne Parker-Tyus,CHI,F,34,670,0,107,233,.459,5,18,.278,102,215,.474,80,95,.842,62,197,30,25,42,45,81,299,/wnba/players/p/parkech01w.html,https://www.basketball-reference.com/wnba/players/p/parkech01w.html,parkech01w
JiSu Park,LVA,C,25,163,0,8,37,.216,0,1,.000,8,36,.222,4,9,.444,10,27,10,5,4,7,23,20,/wnba/players/p/parkji01w.html,https://www.basketball-reference.com/wnba/players/p/parkji01w.html,parkji01w
Shey Peddy,WAS,G,15,71,0,8,13,.615,4,8,.500,4,5,.800,6,6,1.000,1,9,8,4,0,3,8,26,/wnba/players/p/peddysh01w.html,https://www.basketball-reference.com/wnba/players/p/peddysh01w.html,peddysh01w
Haley Peters,ATL,F-G,4,26,0,0,7,.000,0,0,,0,7,.000,2,2,1.000,1,2,1,1,1,4,3,2,/wnba/players/p/peterha01w.html,https://www.basketball-reference.com/wnba/players/p/peterha01w.html,peterha01w
Kelsey Plum,LVA,G,34,868,30,107,293,.365,45,125,.360,62,168,.369,34,39,.872,15,96,102,27,4,53,76,293,/wnba/players/p/plumke01w.html,https://www.basketball-reference.com/wnba/players/p/plumke01w.html,plumke01w
Aerial Powers,WAS,G,30,593,7,108,249,.434,42,116,.362,66,133,.496,85,98,.867,34,97,45,25,6,44,48,343,/wnba/players/p/powerae01w.html,https://www.basketball-reference.com/wnba/players/p/powerae01w.html,powerae01w
Epiphanny Prince,LVA,G,3,28,0,5,10,.500,3,7,.429,2,3,.667,0,0,,1,2,3,1,1,0,5,13,/wnba/players/p/princep01w.html,https://www.basketball-reference.com/wnba/players/p/princep01w.html,princep01w
LaToya Sanders,WAS,F-C,34,804,34,87,172,.506,0,0,,87,172,.506,33,37,.892,44,186,66,30,47,30,71,207,/wnba/players/p/pringla01w.html,https://www.basketball-reference.com/wnba/players/p/pringla01w.html,pringla01w
Allie Quigley,CHI,G,34,972,34,171,347,.493,80,181,.442,91,166,.548,47,54,.870,13,101,85,27,7,46,61,469,/wnba/players/q/quiglal01w.html,https://www.basketball-reference.com/wnba/players/q/quiglal01w.html,quiglal01w
Nayo Raincock-Ekunwe,NYL,F,28,367,1,43,79,.544,1,3,.333,42,76,.553,16,25,.640,39,77,12,8,4,22,43,103,/wnba/players/r/raincna01w.html,https://www.basketball-reference.com/wnba/players/r/raincna01w.html,raincna01w
Danielle Robinson,MIN,G,34,919,25,138,316,.437,9,41,.220,129,275,.469,58,66,.879,22,118,125,42,7,70,61,343,/wnba/players/r/robinda01w.html,https://www.basketball-reference.com/wnba/players/r/robinda01w.html,robinda01w
Sugar Rodgers,LVA,G,33,382,0,40,111,.360,30,84,.357,10,27,.370,3,5,.600,4,48,39,13,12,27,37,113,/wnba/players/r/rodgesu01w.html,https://www.basketball-reference.com/wnba/players/r/rodgesu01w.html,rodgesu01w
Tierra Ruffin-Pratt,LAS,G,34,856,33,72,196,.367,25,73,.342,47,123,.382,35,41,.854,20,83,57,26,20,29,91,204,/wnba/players/r/ruffiti01w.html,https://www.basketball-reference.com/wnba/players/r/ruffiti01w.html,ruffiti01w
Mercedes Russell,SEA,C,34,870,30,106,204,.520,0,0,,106,204,.520,42,65,.646,81,207,35,37,17,33,85,254,/wnba/players/r/russeme01w.html,https://www.basketball-reference.com/wnba/players/r/russeme01w.html,russeme01w
Katie Lou Samuelson,CHI,F,20,153,0,12,38,.316,8,29,.276,4,9,.444,16,20,.800,4,17,7,6,2,5,15,48,/wnba/players/s/samueka02w.html,https://www.basketball-reference.com/wnba/players/s/samueka02w.html,samueka02w
Jessica Shepard,MIN,F,6,112,0,11,29,.379,1,7,.143,10,22,.455,6,8,.750,9,34,21,2,1,15,9,29,/wnba/players/s/shepaje01w.html,https://www.basketball-reference.com/wnba/players/s/shepaje01w.html,shepaje01w
Odyssey Sims,MIN,G,34,1083,34,189,455,.415,25,93,.269,164,362,.453,89,112,.795,24,114,185,46,4,112,68,492,/wnba/players/s/simsod01w.html,https://www.basketball-reference.com/wnba/players/s/simsod01w.html,simsod01w
Alanna Smith,PHO,F,18,134,0,8,41,.195,2,18,.111,6,23,.261,1,2,.500,11,35,4,5,5,8,18,19,/wnba/players/s/smithal01w.html,https://www.basketball-reference.com/wnba/players/s/smithal01w.html,smithal01w
Azura Stevens,DAL,F-C,9,144,1,19,53,.358,1,9,.111,18,44,.409,4,5,.800,15,32,5,5,10,9,12,43,/wnba/players/s/steveaz01w.html,https://www.basketball-reference.com/wnba/players/s/steveaz01w.html,steveaz01w
Shekinna Stricklen,CON,F,34,804,34,104,255,.408,76,199,.382,28,56,.500,22,27,.815,9,65,39,34,7,28,79,306,/wnba/players/s/stricsh01w.html,https://www.basketball-reference.com/wnba/players/s/stricsh01w.html,stricsh01w
Carolyn Swords,LVA,C,29,257,4,32,73,.438,0,0,,32,73,.438,11,13,.846,19,63,10,7,3,17,27,75,/wnba/players/s/swordca01w.html,https://www.basketball-reference.com/wnba/players/s/swordca01w.html,swordca01w
Brittney Sykes,ATL,G,34,880,27,128,351,.365,28,108,.259,100,243,.412,64,91,.703,25,151,85,20,16,68,59,348,/wnba/players/s/sykesbr01w.html,https://www.basketball-reference.com/wnba/players/s/sykesbr01w.html,sykesbr01w
Stephanie Talbot,MIN,F,33,561,10,57,154,.370,31,95,.326,26,59,.441,27,31,.871,18,79,41,30,9,42,37,172,/wnba/players/t/talbost01w.html,https://www.basketball-reference.com/wnba/players/t/talbost01w.html,talbost01w
Diana Taurasi,PHO,G,6,129,6,4,39,.103,1,24,.042,3,15,.200,17,18,.944,1,19,32,2,1,13,15,26,/wnba/players/t/tauradi01w.html,https://www.basketball-reference.com/wnba/players/t/tauradi01w.html,tauradi01w
Alyssa Thomas,CON,F,34,1026,34,168,333,.505,0,1,.000,168,332,.506,60,121,.496,83,264,104,66,13,69,96,396,/wnba/players/t/thomaal01w.html,https://www.basketball-reference.com/wnba/players/t/thomaal01w.html,thomaal01w
Jasmine Thomas,CON,G,34,1009,34,139,355,.392,45,123,.366,94,232,.405,56,70,.800,19,97,175,48,5,93,62,379,/wnba/players/t/thomaja01w.html,https://www.basketball-reference.com/wnba/players/t/thomaja01w.html,thomaja01w
Kayla Thornton,DAL,F,27,822,25,99,289,.343,28,103,.272,71,186,.382,54,58,.931,49,143,48,25,8,44,60,280,/wnba/players/t/thornka01w.html,https://www.basketball-reference.com/wnba/players/t/thornka01w.html,thornka01w
Shao Ting,MIN,F,5,27,0,2,10,.200,0,0,,2,10,.200,2,3,.667,2,6,2,0,1,2,6,6,/wnba/players/t/tingsh01w.html,https://www.basketball-reference.com/wnba/players/t/tingsh01w.html,tingsh01w
Kristi Toliver,WAS,G,23,678,23,116,235,.494,36,100,.360,80,135,.593,30,35,.857,11,67,137,27,2,47,31,298,/wnba/players/t/tolivkr01w.html,https://www.basketball-reference.com/wnba/players/t/tolivkr01w.html,tolivkr01w
Morgan Tuck,CON,F,33,352,0,45,116,.388,15,42,.357,30,74,.405,18,30,.600,18,66,28,13,3,30,44,123,/wnba/players/t/tuckmo01w.html,https://www.basketball-reference.com/wnba/players/t/tuckmo01w.html,tuckmo01w
Brianna Turner,PHO,F-C,29,462,12,49,91,.538,0,0,,49,91,.538,19,26,.731,45,120,15,7,21,19,50,117,/wnba/players/t/turnebr01w.html,https://www.basketball-reference.com/wnba/players/t/turnebr01w.html,turnebr01w
Yvonne Turner,PHO,G,29,595,14,59,172,.343,26,79,.329,33,93,.355,43,49,.878,8,80,67,18,2,59,37,187,/wnba/players/t/turneyv01w.html,https://www.basketball-reference.com/wnba/players/t/turneyv01w.html,turneyv01w
Maria Kliundikova,LAS,F,15,180,1,51,104,.490,5,16,.313,46,88,.523,10,13,.769,18,58,10,15,3,18,23,117,/wnba/players/v/vadeema01w.html,https://www.basketball-reference.com/wnba/players/v/vadeema01w.html,vadeema01w
Courtney Vandersloot,CHI,G,33,991,33,135,299,.452,31,107,.290,104,192,.542,68,80,.850,20,143,300,45,15,96,50,369,/wnba/players/v/vandeco01w.html,https://www.basketball-reference.com/wnba/players/v/vandeco01w.html,vandeco01w
Ashley Walker,LAS,F-C,3,22,0,1,11,.091,0,5,.000,1,6,.167,0,0,,2,3,3,1,0,0,4,2,/wnba/players/w/walkeas01w.html,https://www.basketball-reference.com/wnba/players/w/walkeas01w.html,walkeas01w
Shatori Walker-Kimbrough,WAS,G,34,580,1,76,176,.432,22,71,.310,54,105,.514,53,57,.930,17,53,42,28,8,34,41,227,/wnba/players/w/walkesh01w.html,https://www.basketball-reference.com/wnba/players/w/walkesh01w.html,walkesh01w
Avery Warley-Talbert,NYL,C,3,35,0,1,5,.200,0,0,,1,5,.200,1,2,.500,3,7,0,0,2,4,7,3,/wnba/players/w/warleav01w.html,https://www.basketball-reference.com/wnba/players/w/warleav01w.html,warleav01w
Erica Wheeler,IND,G,34,850,34,127,298,.426,48,125,.384,79,173,.457,41,47,.872,5,102,171,40,5,97,74,343,/wnba/players/w/wheeler01w.html,https://www.basketball-reference.com/wnba/players/w/wheeler01w.html,wheeler01w
Sami Whitcomb,SEA,G,33,674,13,82,224,.366,63,184,.342,19,40,.475,11,11,1.000,17,57,78,36,4,52,49,238,/wnba/players/w/whitcsa01w.html,https://www.basketball-reference.com/wnba/players/w/whitcsa01w.html,whitcsa01w
Sydney Wiese,LAS,G,32,659,16,55,143,.385,34,93,.366,21,50,.420,9,9,1.000,5,42,57,15,8,32,27,153,/wnba/players/w/wiesesy01w.html,https://www.basketball-reference.com/wnba/players/w/wiesesy01w.html,wiesesy01w
Courtney Williams,CON,G,34,988,34,187,430,.435,16,35,.457,171,395,.433,60,75,.800,48,189,129,46,13,56,47,450,/wnba/players/w/willico01w.html,https://www.basketball-reference.com/wnba/players/w/willico01w.html,willico01w
Elizabeth Williams,ATL,C-F,32,909,32,107,235,.455,0,0,,107,235,.455,82,112,.732,99,208,37,24,53,41,71,296,/wnba/players/w/williel01w.html,https://www.basketball-reference.com/wnba/players/w/williel01w.html,williel01w
Gabby Williams,CHI,F,33,527,2,75,181,.414,7,41,.171,68,140,.486,29,40,.725,14,72,68,23,7,55,41,186,/wnba/players/w/williga01w.html,https://www.basketball-reference.com/wnba/players/w/williga01w.html,williga01w
Riquna Williams,LAS,G,23,593,14,93,242,.384,54,138,.391,39,104,.375,44,50,.880,13,60,37,26,4,28,58,284,/wnba/players/w/williri02w.html,https://www.basketball-reference.com/wnba/players/w/williri02w.html,williri02w
A'ja Wilson,LVA,C,26,740,25,158,330,.479,0,1,.000,158,329,.480,114,144,.792,42,167,47,13,45,56,52,430,/wnba/players/w/wilsoa01w.html,https://www.basketball-reference.com/wnba/players/w/wilsoa01w.html,wilsoa01w
Tanisha Wright,NYL,G,31,613,17,54,130,.415,14,38,.368,40,92,.435,25,31,.806,21,86,126,32,9,57,67,147,/wnba/players/w/wrighta01w.html,https://www.basketball-reference.com/wnba/players/w/wrighta01w.html,wrighta01w
Han Xu,NYL,C,18,143,0,24,58,.414,5,10,.500,19,48,.396,1,2,.500,2,15,2,3,4,2,6,54,/wnba/players/x/xuha01w.html,https://www.basketball-reference.com/wnba/players/x/xuha01w.html,xuha01w
Jackie Young,LVA,G,34,767,34,76,236,.322,14,44,.318,62,192,.323,59,73,.808,23,111,153,26,12,53,47,225,/wnba/players/y/youngja01w.html,https://www.basketball-reference.com/wnba/players/y/youngja01w.html,youngja01w
Tamera Young,LVA,F,34,628,4,68,179,.380,5,16,.313,63,163,.387,39,61,.639,35,124,67,23,4,48,61,180,/wnba/players/y/youngta01w.html,https://www.basketball-reference.com/wnba/players/y/youngta01w.html,youngta01w
Amanda Zahui B.,NYL,C,24,558,23,81,173,.468,22,69,.319,59,104,.567,23,27,.852,26,152,21,26,33,32,79,207,/wnba/players/z/zahuiam01w.html,https://www.basketball-reference.com/wnba/players/z/zahuiam01w.html,zahuiam01w
Shavonte Zellous,SEA,G,31,432,4,44,116,.379,6,32,.188,38,84,.452,30,40,.750,6,48,45,10,6,35,44,124,/wnba/players/z/zellosh01w.html,https://www.basketball-reference.com/wnba/players/z/zellosh01w.html,zellosh01w
Kristine Anigwe,TOT,F-C,27,250,0,22,68,.324,0,0,,22,68,.324,22,32,.688,28,66,6,9,8,17,39,66,/wnba/players/a/anigwkr01w.html,https://www.basketball-reference.com/wnba/players/a/anigwkr01w.html,anigwkr01w
Bridget Carleton,TOT,F,8,40,0,1,8,.125,1,4,.250,0,4,.000,0,0,,1,4,1,0,0,1,2,3,/wnba/players/c/carlebr01w.html,https://www.basketball-reference.com/wnba/players/c/carlebr01w.html,carlebr01w
Alaina Coates,TOT,C,23,167,0,24,45,.533,0,0,,24,45,.533,12,21,.571,21,60,2,5,11,9,37,60,/wnba/players/c/coateal01w.html,https://www.basketball-reference.com/wnba/players/c/coateal01w.html,coateal01w
Theresa Plaisance,TOT,F,31,442,12,54,146,.370,25,73,.342,29,73,.397,21,26,.808,24,113,34,9,19,31,65,154,/wnba/players/p/plaisth01w.html,https://www.basketball-reference.com/wnba/players/p/plaisth01w.html,plaisth01w
Karlie Samuelson,TOT,G,7,84,0,3,14,.214,3,12,.250,0,2,.000,0,0,,1,4,5,3,1,0,8,9,/wnba/players/s/samueka01w.html,https://www.basketball-reference.com/wnba/players/s/samueka01w.html,samueka01w
Asia Taylor,TOT,F,12,96,0,10,28,.357,0,2,.000,10,26,.385,6,8,.750,8,21,8,2,1,7,10,26,/wnba/players/t/tayloas01w.html,https://www.basketball-reference.com/wnba/players/t/tayloas01w.html,tayloas01w
Kristine Anigwe,CON,F-C,17,121,0,11,35,.314,0,0,,11,35,.314,12,17,.706,14,30,3,6,4,10,17,34,/wnba/players/a/anigwkr01w.html,https://www.basketball-reference.com/wnba/players/a/anigwkr01w.html,anigwkr01w
Bridget Carleton,CON,F,4,29,0,0,6,.000,0,2,.000,0,4,.000,0,0,,1,3,1,0,0,1,2,0,/wnba/players/c/carlebr01w.html,https://www.basketball-reference.com/wnba/players/c/carlebr01w.html,carlebr01w
Alaina Coates,MIN,C,14,92,0,15,31,.484,0,0,,15,31,.484,5,8,.625,13,33,1,3,5,5,17,35,/wnba/players/c/coateal01w.html,https://www.basketball-reference.com/wnba/players/c/coateal01w.html,coateal01w
Theresa Plaisance,DAL,F,22,378,12,46,123,.374,23,67,.343,23,56,.411,17,22,.773,21,97,34,6,17,30,53,132,/wnba/players/p/plaisth01w.html,https://www.basketball-reference.com/wnba/players/p/plaisth01w.html,plaisth01w
Karlie Samuelson,LAS,G,3,36,0,1,7,.143,1,6,.167,0,1,.000,0,0,,0,2,3,0,0,0,2,3,/wnba/players/s/samueka01w.html,https://www.basketball-reference.com/wnba/players/s/samueka01w.html,samueka01w
Asia Taylor,MIN,F,8,65,0,10,22,.455,0,1,.000,10,21,.476,5,6,.833,4,14,7,1,1,5,6,25,/wnba/players/t/tayloas01w.html,https://www.basketball-reference.com/wnba/players/t/tayloas01w.html,tayloas01w
Kristine Anigwe,DAL,F-C,10,129,0,11,33,.333,0,0,,11,33,.333,10,15,.667,14,36,3,3,4,7,22,32,/wnba/players/a/anigwkr01w.html,https://www.basketball-reference.com/wnba/players/a/anigwkr01w.html,anigwkr01w
Bridget Carleton,MIN,F,4,11,0,1,2,.500,1,2,.500,0,0,,0,0,,0,1,0,0,0,0,0,3,/wnba/players/c/carlebr01w.html,https://www.basketball-reference.com/wnba/players/c/carlebr01w.html,carlebr01w
Alaina Coates,ATL,C,9,75,0,9,14,.643,0,0,,9,14,.643,7,13,.538,8,27,1,2,6,4,20,25,/wnba/players/c/coateal01w.html,https://www.basketball-reference.com/wnba/players/c/coateal01w.html,coateal01w
Theresa Plaisance,CON,F,9,64,0,8,23,.348,2,6,.333,6,17,.353,4,4,1.000,3,16,0,3,2,1,12,22,/wnba/players/p/plaisth01w.html,https://www.basketball-reference.com/wnba/players/p/plaisth01w.html,plaisth01w
Karlie Samuelson,DAL,G,4,48,0,2,7,.286,2,6,.333,0,1,.000,0,0,,1,2,2,3,1,0,6,6,/wnba/players/s/samueka01w.html,https://www.basketball-reference.com/wnba/players/s/samueka01w.html,samueka01w
Asia Taylor,PHO,F,4,31,0,0,6,.000,0,1,.000,0,5,.000,1,2,.500,4,7,1,1,0,2,4,1,/wnba/players/t/tayloas01w.html,https://www.basketball-reference.com/wnba/players/t/tayloas01w.html,tayloas01w
