player,team,pos,g,mp,gs,fg,fga,fg_pct,fg3,fg3a,fg3_pct,fg2,fg2a,fg2_pct,ft,fta,ft_pct,orb,trb,ast,stl,blk,tov,pf,pts,player_href,player_url,player_id
Lindsay Allen,CHI,G,40,950,28,104,223,.466,14,48,.292,90,175,.514,42,52,.808,13,80,157,32,7,64,67,264,/wnba/players/a/allenli01w.html,https://www.basketball-reference.com/wnba/players/a/allenli01w.html,allenli01w
Rebecca Allen,PHO,F-G,18,447,18,53,126,.421,25,70,.357,28,56,.500,2,3,.667,13,71,20,17,12,18,35,133,/wnba/players/a/allenre01w.html,https://www.basketball-reference.com/wnba/players/a/allenre01w.html,allenre01w
Laeticia Amihere,ATL,F,16,83,0,7,26,.269,0,0,,7,26,.269,5,17,.294,12,27,3,2,3,8,7,19,/wnba/players/a/amihela01w.html,https://www.basketball-reference.com/wnba/players/a/amihela01w.html,amihela01w
Ariel Atkins,WAS,G,40,1196,40,217,497,.437,79,221,.357,138,276,.500,84,99,.848,36,135,124,59,17,92,112,597,/wnba/players/a/atkinar01w.html,https://www.basketball-reference.com/wnba/players/a/atkinar01w.html,atkinar01w
Amy Atwell,PHO,F,6,59,0,4,15,.267,3,13,.231,1,2,.500,4,5,.800,3,6,6,0,1,2,3,15,/wnba/players/a/atwelam01w.html,https://www.basketball-reference.com/wnba/players/a/atwelam01w.html,atwelam01w
Shakira Austin,WAS,F-C,12,238,11,52,121,.430,1,4,.250,51,117,.436,36,54,.667,21,82,11,15,11,29,30,141,/wnba/players/a/austish01w.html,https://www.basketball-reference.com/wnba/players/a/austish01w.html,austish01w
Kierstan Bell,LVA,F,6,43,0,6,16,.375,4,8,.500,2,8,.250,1,2,.500,1,6,5,0,0,1,5,17,/wnba/players/b/bellki01w.html,https://www.basketball-reference.com/wnba/players/b/bellki01w.html,bellki01w
Grace Berger,IND,G,11,102,0,10,25,.400,2,5,.400,8,20,.400,9,14,.643,4,15,7,5,0,10,12,31,/wnba/players/b/bergegr01w.html,https://www.basketball-reference.com/wnba/players/b/bergegr01w.html,bergegr01w
Caitlin Bickle,CON,F,8,15,0,0,3,.000,0,3,.000,0,0,,0,0,,0,0,0,0,0,0,1,0,/wnba/players/b/bicklca01w.html,https://www.basketball-reference.com/wnba/players/b/bicklca01w.html,bicklca01w
DeWanna Bonner,CON,G-F,40,1271,39,212,511,.415,58,197,.294,154,314,.490,119,143,.832,22,238,80,47,27,56,70,601,/wnba/players/b/bonnede01w.html,https://www.basketball-reference.com/wnba/players/b/bonnede01w.html,bonnede01w
Aliyah Boston,IND,C-F,40,1236,40,236,446,.529,7,26,.269,229,420,.545,81,110,.736,111,355,126,35,49,79,130,560,/wnba/players/b/bostoal01w.html,https://www.basketball-reference.com/wnba/players/b/bostoal01w.html,bostoal01w
Cameron Brink,LAS,F,15,329,15,41,103,.398,10,31,.323,31,72,.431,21,25,.840,18,80,25,16,35,34,60,113,/wnba/players/b/brinkca01w.html,https://www.basketball-reference.com/wnba/players/b/brinkca01w.html,brinkca01w
Jaelyn Brown,DAL,G-F,14,141,1,15,31,.484,6,12,.500,9,19,.474,1,3,.333,7,21,6,4,4,12,16,37,/wnba/players/b/brownja06w.html,https://www.basketball-reference.com/wnba/players/b/brownja06w.html,brownja06w
Jakia Brown-Turner,WAS,G,2,8,0,0,1,.000,0,0,,0,1,.000,2,2,1.000,0,1,0,1,0,0,0,2,/wnba/players/b/brownja07w.html,https://www.basketball-reference.com/wnba/players/b/brownja07w.html,brownja07w
Kalani Brown,DAL,C,39,516,2,92,158,.582,0,3,.000,92,155,.594,39,59,.661,43,119,41,7,22,48,63,223,/wnba/players/b/brownka01w.html,https://www.basketball-reference.com/wnba/players/b/brownka01w.html,brownka01w
Lexie Brown,LAS,G,16,379,8,42,131,.321,21,69,.304,21,62,.339,24,27,.889,1,37,53,17,2,31,22,129,/wnba/players/b/brownle02w.html,https://www.basketball-reference.com/wnba/players/b/brownle02w.html,brownle02w
Kennedy Burke,NYL,G-F,38,459,3,54,132,.409,15,58,.259,39,74,.527,8,12,.667,14,58,33,24,11,27,37,131,/wnba/players/b/burkeke01w.html,https://www.basketball-reference.com/wnba/players/b/burkeke01w.html,burkeke01w
Rae Burrell,LAS,G-F,37,579,7,59,163,.362,24,72,.333,35,91,.385,78,100,.780,21,68,42,29,11,37,59,220,/wnba/players/b/burrera01w.html,https://www.basketball-reference.com/wnba/players/b/burrera01w.html,burrera01w
Veronica Burton,CON,G,31,393,1,26,72,.361,13,37,.351,13,35,.371,31,37,.838,13,44,58,14,7,15,32,96,/wnba/players/b/burtove01w.html,https://www.basketball-reference.com/wnba/players/b/burtove01w.html,burtove01w
Maya Caldwell,ATL,G,25,405,6,52,125,.416,15,50,.300,37,75,.493,12,15,.800,20,45,27,15,5,23,30,131,/wnba/players/c/caldwma01w.html,https://www.basketball-reference.com/wnba/players/c/caldwma01w.html,caldwma01w
Jordin Canada,ATL,G,20,624,18,69,177,.390,16,57,.281,53,120,.442,57,73,.781,12,69,116,32,5,42,52,211,/wnba/players/c/canadjo01w.html,https://www.basketball-reference.com/wnba/players/c/canadjo01w.html,canadjo01w
Emma Cannon,LVA,F,5,9,0,2,3,.667,0,1,.000,2,2,1.000,0,0,,0,2,1,0,0,1,0,4,/wnba/players/c/cannoem01w.html,https://www.basketball-reference.com/wnba/players/c/cannoem01w.html,cannoem01w
Kamilla Cardoso,CHI,C,32,876,29,126,242,.521,0,0,,126,242,.521,61,84,.726,96,254,54,17,46,49,101,313,/wnba/players/c/cardoka01w.html,https://www.basketball-reference.com/wnba/players/c/cardoka01w.html,cardoka01w
Bridget Carleton,MIN,F,39,1164,36,126,284,.444,91,205,.444,35,79,.443,30,38,.789,37,147,87,39,12,40,80,373,/wnba/players/c/carlebr01w.html,https://www.basketball-reference.com/wnba/players/c/carlebr01w.html,carlebr01w
DiJonai Carrington,CON,G-F,39,1155,39,173,429,.403,26,104,.250,147,325,.452,124,157,.790,53,196,61,61,17,74,100,496,/wnba/players/c/carridi01w.html,https://www.basketball-reference.com/wnba/players/c/carridi01w.html,carridi01w
Chennedy Carter,CHI,G,33,858,20,238,489,.487,9,31,.290,229,458,.500,92,126,.730,22,117,102,36,6,55,105,577,/wnba/players/c/cartech01w.html,https://www.basketball-reference.com/wnba/players/c/cartech01w.html,cartech01w
Jessika Carter,LVA,C,2,4,0,0,1,.000,0,0,,0,1,.000,0,2,.000,0,0,0,0,0,0,0,0,/wnba/players/c/carteje02w.html,https://www.basketball-reference.com/wnba/players/c/carteje02w.html,carteje02w
Tina Charles,ATL,C,39,1160,39,243,533,.456,11,42,.262,232,491,.473,84,107,.785,97,374,89,36,20,61,96,581,/wnba/players/c/charlti01w.html,https://www.basketball-reference.com/wnba/players/c/charlti01w.html,charlti01w
Layshia Clarendon,LAS,G,21,335,12,32,75,.427,7,20,.350,25,55,.455,20,23,.870,6,38,54,15,1,25,44,91,/wnba/players/c/clarela01w.html,https://www.basketball-reference.com/wnba/players/c/clarela01w.html,clarela01w
Alysha Clark,LVA,F,40,972,18,85,192,.443,47,126,.373,38,66,.576,23,28,.821,21,145,70,33,11,55,107,240,/wnba/players/c/clarkal01w.html,https://www.basketball-reference.com/wnba/players/c/clarkal01w.html,clarkal01w
Caitlin Clark,IND,G,40,1416,40,242,580,.417,122,355,.344,120,225,.533,163,180,.906,14,227,337,53,27,223,111,769,/wnba/players/c/clarkca02w.html,https://www.basketball-reference.com/wnba/players/c/clarkca02w.html,clarkca02w
Natasha Cloud,PHO,G,38,1265,38,152,383,.397,44,143,.308,108,240,.450,90,109,.826,18,154,263,54,23,115,102,438,/wnba/players/c/cloudna01w.html,https://www.basketball-reference.com/wnba/players/c/cloudna01w.html,cloudna01w
Nia Coffey,ATL,F,40,534,11,48,148,.324,18,66,.273,30,82,.366,16,21,.762,19,95,46,12,26,40,48,130,/wnba/players/c/coffeni01w.html,https://www.basketball-reference.com/wnba/players/c/coffeni01w.html,coffeni01w
Napheesa Collier,MIN,F,34,1181,34,268,545,.492,31,100,.310,237,445,.533,127,158,.804,76,330,115,65,48,70,87,694,/wnba/players/c/collina01w.html,https://www.basketball-reference.com/wnba/players/c/collina01w.html,collina01w
Sydney Colson,LVA,G,31,248,1,27,64,.422,14,37,.378,13,27,.481,8,9,.889,1,14,30,15,5,14,23,76,/wnba/players/c/colsosy01w.html,https://www.basketball-reference.com/wnba/players/c/colsosy01w.html,colsosy01w
Zia Cooke,LAS,G,29,257,0,36,112,.321,11,37,.297,25,75,.333,20,29,.690,3,18,17,9,3,21,22,103,/wnba/players/c/cookezi01w.html,https://www.basketball-reference.com/wnba/players/c/cookezi01w.html,cookezi01w
Kahleah Copper,PHO,G-F,37,1197,37,273,628,.435,69,220,.314,204,408,.500,167,207,.807,24,168,84,29,3,110,121,782,/wnba/players/c/coppeka01w.html,https://www.basketball-reference.com/wnba/players/c/coppeka01w.html,coppeka01w
Lorela Cubaj,ATL,F-C,28,221,1,15,35,.429,0,0,,15,35,.429,3,5,.600,19,41,15,9,2,12,33,33,/wnba/players/c/cubajlo01w.html,https://www.basketball-reference.com/wnba/players/c/cubajlo01w.html,cubajlo01w
Sophie Cunningham,PHO,G,40,1109,21,103,240,.429,68,180,.378,35,60,.583,60,69,.870,16,157,79,41,10,38,91,334,/wnba/players/c/cunniso01w.html,https://www.basketball-reference.com/wnba/players/c/cunniso01w.html,cunniso01w
Damiris Dantas,IND,C-F,20,210,0,34,74,.459,13,33,.394,21,41,.512,8,12,.667,4,43,12,5,5,12,20,89,/wnba/players/d/dantada01w.html,https://www.basketball-reference.com/wnba/players/d/dantada01w.html,dantada01w
Kaela Davis,CHI,F,4,52,0,4,12,.333,2,2,1.000,2,10,.200,2,4,.500,1,4,1,1,2,4,5,12,/wnba/players/d/daviska01w.html,https://www.basketball-reference.com/wnba/players/d/daviska01w.html,daviska01w
Marquesha Davis,NYL,G,20,80,0,9,22,.409,1,1,1.000,8,21,.381,5,7,.714,2,10,4,1,4,3,11,24,/wnba/players/d/davisma05w.html,https://www.basketball-reference.com/wnba/players/d/davisma05w.html,davisma05w
Diamond DeShields,CHI,G,32,441,10,56,161,.348,9,52,.173,47,109,.431,22,36,.611,7,46,43,20,8,29,52,143,/wnba/players/d/deshidi01w.html,https://www.basketball-reference.com/wnba/players/d/deshidi01w.html,deshidi01w
Skylar Diggins,SEA,G,40,1262,40,218,510,.427,39,134,.291,179,376,.476,130,150,.867,28,105,257,68,36,110,112,605,/wnba/players/d/diggisk01w.html,https://www.basketball-reference.com/wnba/players/d/diggisk01w.html,diggisk01w
Liz Dixon,PHO,F,17,160,0,11,29,.379,0,0,,11,29,.379,8,10,.800,14,41,9,1,9,8,13,30,/wnba/players/d/dixonli01w.html,https://www.basketball-reference.com/wnba/players/d/dixonli01w.html,dixonli01w
Ivana Dojkić,NYL,G,26,257,0,25,74,.338,16,42,.381,9,32,.281,21,27,.778,9,22,20,9,1,14,26,87,/wnba/players/d/dojkiiv01w.html,https://www.basketball-reference.com/wnba/players/d/dojkiiv01w.html,dojkiiv01w
Stefanie Dolson,WAS,C,39,1013,39,133,280,.475,72,155,.465,61,125,.488,33,42,.786,33,193,102,21,18,68,114,371,/wnba/players/d/dolsost01w.html,https://www.basketball-reference.com/wnba/players/d/dolsost01w.html,dolsost01w
Aaliyah Edwards,WAS,F,34,741,17,103,210,.490,0,7,.000,103,203,.507,52,80,.650,48,191,48,25,27,50,91,258,/wnba/players/e/edwaraa01w.html,https://www.basketball-reference.com/wnba/players/e/edwaraa01w.html,edwaraa01w
Emily Engstler,WAS,F,32,464,3,76,154,.494,27,57,.474,49,97,.505,18,22,.818,44,128,47,19,24,22,49,197,/wnba/players/e/engstem01w.html,https://www.basketball-reference.com/wnba/players/e/engstem01w.html,engstem01w
Olivia Époupa,MIN,G,17,114,0,6,16,.375,0,0,,6,16,.375,2,2,1.000,6,19,26,14,0,15,13,14,/wnba/players/e/epoupol01w.html,https://www.basketball-reference.com/wnba/players/e/epoupol01w.html,epoupol01w
Dana Evans,CHI,G,39,743,12,95,252,.377,41,109,.376,54,143,.378,48,50,.960,5,43,94,26,5,53,48,279,/wnba/players/e/evansda02w.html,https://www.basketball-reference.com/wnba/players/e/evansda02w.html,evansda02w
Temi Fagbenle,IND,C,22,415,2,58,114,.509,2,12,.167,56,102,.549,22,28,.786,31,104,20,11,15,27,66,140,/wnba/players/f/fagbete01w.html,https://www.basketball-reference.com/wnba/players/f/fagbete01w.html,fagbete01w
Dyaisha Fair,LVA,G,1,4,0,0,2,.000,0,1,.000,0,1,.000,0,0,,0,0,2,0,0,0,0,0,/wnba/players/f/fairdy01w.html,https://www.basketball-reference.com/wnba/players/f/fairdy01w.html,fairdy01w
Dulcy Fankam Mendjiadeu,SEA,F-C,7,36,0,2,3,.667,0,0,,2,3,.667,2,6,.333,4,9,1,0,0,3,5,6,/wnba/players/f/fankadu01w.html,https://www.basketball-reference.com/wnba/players/f/fankadu01w.html,fankadu01w
Leonie Fiebich,NYL,F,40,837,15,97,203,.478,55,127,.433,42,76,.553,18,25,.720,39,121,70,38,7,41,88,267,/wnba/players/f/fiebile01w.html,https://www.basketball-reference.com/wnba/players/f/fiebile01w.html,fiebile01w
Kysre Gondrezick,CHI,G,5,16,0,2,7,.286,1,6,.167,1,1,1.000,0,0,,1,2,2,4,0,3,2,5,/wnba/players/g/gondrky01w.html,https://www.basketball-reference.com/wnba/players/g/gondrky01w.html,gondrky01w
Allisha Gray,ATL,G,40,1327,40,205,509,.403,69,202,.342,136,307,.443,143,186,.769,44,175,107,42,29,67,94,622,/wnba/players/g/grayal01w.html,https://www.basketball-reference.com/wnba/players/g/grayal01w.html,grayal01w
Chelsea Gray,LVA,G,27,702,25,84,206,.408,26,77,.338,58,129,.450,39,48,.813,5,79,132,34,19,64,37,233,/wnba/players/g/graych01w.html,https://www.basketball-reference.com/wnba/players/g/graych01w.html,graych01w
Brittney Griner,PHO,C,30,861,30,219,378,.579,9,18,.500,210,360,.583,87,112,.777,54,197,69,16,46,53,57,534,/wnba/players/g/grinebr01w.html,https://www.basketball-reference.com/wnba/players/g/grinebr01w.html,grinebr01w
Megan Gustafson,LVA,C,38,405,7,53,106,.500,22,57,.386,31,49,.633,13,17,.765,23,73,9,13,5,14,59,141,/wnba/players/g/gustame01w.html,https://www.basketball-reference.com/wnba/players/g/gustame01w.html,gustame01w
Dearica Hamby,LAS,F,40,1346,40,268,523,.512,30,88,.341,238,435,.547,125,198,.631,61,368,139,68,8,118,110,691,/wnba/players/h/hambyde01w.html,https://www.basketball-reference.com/wnba/players/h/hambyde01w.html,hambyde01w
Isabelle Harrison,CHI,F,36,587,5,95,238,.399,3,18,.167,92,220,.418,41,50,.820,38,141,27,20,12,39,47,234,/wnba/players/h/harriis01w.html,https://www.basketball-reference.com/wnba/players/h/harriis01w.html,harriis01w
Mikiah Herbert Harrigan,PHO,F,31,336,3,35,86,.407,17,53,.321,18,33,.545,11,20,.550,15,45,9,16,11,15,28,98,/wnba/players/h/harrimi01w.html,https://www.basketball-reference.com/wnba/players/h/harrimi01w.html,harrimi01w
Tyasha Harris,CON,G,39,1125,38,145,341,.425,60,152,.395,85,189,.450,59,77,.766,10,69,118,40,13,54,66,409,/wnba/players/h/harrity01w.html,https://www.basketball-reference.com/wnba/players/h/harrity01w.html,harrity01w
Tiffany Hayes,LVA,G,33,708,5,110,220,.500,33,82,.402,77,138,.558,60,84,.714,27,92,69,25,9,28,68,313,/wnba/players/h/hayesti01w.html,https://www.basketball-reference.com/wnba/players/h/hayesti01w.html,hayesti01w
Destanni Henderson,ATL,G,6,105,0,10,29,.345,1,10,.100,9,19,.474,3,7,.429,0,12,15,2,1,10,5,24,/wnba/players/h/hendede01w.html,https://www.basketball-reference.com/wnba/players/h/hendede01w.html,hendede01w
Natisha Hiedeman,MIN,G,40,607,0,73,192,.380,23,82,.280,50,110,.455,25,34,.735,15,62,95,32,6,44,49,194,/wnba/players/h/hiedena01w.html,https://www.basketball-reference.com/wnba/players/h/hiedena01w.html,hiedena01w
Naz Hillmon,ATL,F,40,868,19,90,163,.552,1,3,.333,89,160,.556,48,63,.762,64,193,52,28,11,38,54,229,/wnba/players/h/hillmna01w.html,https://www.basketball-reference.com/wnba/players/h/hillmna01w.html,hillmna01w
Joyner Holmes,SEA,F,27,231,0,33,78,.423,6,31,.194,27,47,.574,7,11,.636,14,49,25,6,6,21,28,79,/wnba/players/h/holmejo02w.html,https://www.basketball-reference.com/wnba/players/h/holmejo02w.html,holmejo02w
Jordan Horston,SEA,F,39,871,14,111,225,.493,13,52,.250,98,173,.566,31,43,.721,47,168,69,50,26,66,73,266,/wnba/players/h/horstjo02w.html,https://www.basketball-reference.com/wnba/players/h/horstjo02w.html,horstjo02w
Natasha Howard,DAL,F,27,825,26,187,410,.456,11,55,.200,176,355,.496,89,124,.718,53,182,78,34,21,76,85,474,/wnba/players/h/howarna01w.html,https://www.basketball-reference.com/wnba/players/h/howarna01w.html,howarna01w
Rhyne Howard,ATL,G,30,1018,29,167,450,.371,80,243,.329,87,207,.420,105,134,.784,25,131,94,54,19,51,63,519,/wnba/players/h/howarrh01w.html,https://www.basketball-reference.com/wnba/players/h/howarrh01w.html,howarrh01w
Lexie Hull,IND,G,34,671,11,60,136,.441,33,70,.471,27,66,.409,33,41,.805,33,84,36,22,11,29,85,186,/wnba/players/h/hullle01w.html,https://www.basketball-reference.com/wnba/players/h/hullle01w.html,hullle01w
Sabrina Ionescu,NYL,G,38,1221,38,239,606,.394,107,321,.333,132,285,.463,106,118,.898,28,169,235,38,13,104,46,691,/wnba/players/i/ionessa01w.html,https://www.basketball-reference.com/wnba/players/i/ionessa01w.html,ionessa01w
Rickea Jackson,LAS,F,40,1152,35,200,439,.456,43,124,.347,157,315,.498,92,114,.807,51,155,59,27,14,76,70,535,/wnba/players/j/jacksri02w.html,https://www.basketball-reference.com/wnba/players/j/jacksri02w.html,jacksri02w
Brionna Jones,CON,F,40,1087,40,220,409,.538,2,14,.143,218,395,.552,107,145,.738,86,221,60,46,23,51,106,549,/wnba/players/j/jonesbr01w.html,https://www.basketball-reference.com/wnba/players/j/jonesbr01w.html,jonesbr01w
Haley Jones,ATL,F-G,40,712,24,58,146,.397,6,28,.214,52,118,.441,33,47,.702,10,88,84,14,11,68,80,155,/wnba/players/j/jonesha01w.html,https://www.basketball-reference.com/wnba/players/j/jonesha01w.html,jonesha01w
Jonquel Jones,NYL,C,39,1164,39,206,383,.538,59,152,.388,147,231,.636,82,104,.788,67,350,126,30,50,92,113,553,/wnba/players/j/jonesjo01w.html,https://www.basketball-reference.com/wnba/players/j/jonesjo01w.html,jonesjo01w
Dorka Juhász,MIN,F,34,547,7,69,144,.479,11,34,.324,58,110,.527,13,20,.650,32,129,36,15,13,21,39,162,/wnba/players/j/juhasdo01w.html,https://www.basketball-reference.com/wnba/players/j/juhasdo01w.html,juhasdo01w
Ezinne Kalu,ATL,G,1,13,0,1,3,.333,0,1,.000,1,2,.500,1,1,1.000,0,1,0,1,0,0,4,3,/wnba/players/k/kaluez01w.html,https://www.basketball-reference.com/wnba/players/k/kaluez01w.html,kaluez01w
Betnijah Laney-Hamilton,NYL,G-F,28,848,25,120,263,.456,41,102,.402,79,161,.491,48,53,.906,30,118,93,32,1,66,60,329,/wnba/players/l/laneybe01w.html,https://www.basketball-reference.com/wnba/players/l/laneybe01w.html,laneybe01w
Lou Lopez Sénéchal,DAL,G,27,125,0,10,34,.294,3,15,.200,7,19,.368,2,4,.500,3,11,10,3,0,6,13,25,/wnba/players/l/lopezlo01w.html,https://www.basketball-reference.com/wnba/players/l/lopezlo01w.html,lopezlo01w
Jewell Loyd,SEA,G,37,1246,37,224,622,.360,59,215,.274,165,407,.405,222,252,.881,26,166,135,52,8,85,67,729,/wnba/players/l/loydje01w.html,https://www.basketball-reference.com/wnba/players/l/loydje01w.html,loydje01w
Natasha Mack,PHO,F-C,40,619,11,71,124,.573,0,3,.000,71,121,.587,11,19,.579,60,199,44,27,47,28,56,153,/wnba/players/m/mackna01w.html,https://www.basketball-reference.com/wnba/players/m/mackna01w.html,mackna01w
Ezi Magbegor,SEA,F-C,37,1135,37,172,336,.512,13,53,.245,159,283,.562,76,87,.874,83,296,74,40,82,53,117,433,/wnba/players/m/magbeez01w.html,https://www.basketball-reference.com/wnba/players/m/magbeez01w.html,magbeez01w
Kate Martin,LVA,G,34,392,2,27,88,.307,22,62,.355,5,26,.192,11,12,.917,6,54,30,7,8,21,29,87,/wnba/players/m/martika01w.html,https://www.basketball-reference.com/wnba/players/m/martika01w.html,martika01w
Kayla McBride,MIN,G,39,1237,39,174,414,.420,105,258,.407,69,156,.442,133,149,.893,14,100,126,49,2,79,48,586,/wnba/players/m/mcbrika01w.html,https://www.basketball-reference.com/wnba/players/m/mcbrika01w.html,mcbrika01w
Teaira McCowan,DAL,C,39,983,38,184,323,.570,1,4,.250,183,319,.574,89,124,.718,112,314,61,34,34,77,117,458,/wnba/players/m/mccowte01w.html,https://www.basketball-reference.com/wnba/players/m/mccowte01w.html,mccowte01w
Aari McDonald,LAS,G,26,568,10,77,191,.403,29,91,.319,48,100,.480,43,51,.843,12,52,96,23,6,48,52,226,/wnba/players/m/mcdonaa01w.html,https://www.basketball-reference.com/wnba/players/m/mcdonaa01w.html,mcdonaa01w
Jade Melbourne,WAS,G,37,525,0,72,166,.434,20,56,.357,52,110,.473,35,49,.714,13,55,59,24,5,62,54,199,/wnba/players/m/melboja01w.html,https://www.basketball-reference.com/wnba/players/m/melboja01w.html,melboja01w
Diamond Miller,MIN,F,21,213,4,21,69,.304,5,26,.192,16,43,.372,14,24,.583,9,37,13,7,1,19,23,61,/wnba/players/m/milledi03w.html,https://www.basketball-reference.com/wnba/players/m/milledi03w.html,milledi03w
Kelsey Mitchell,IND,G,40,1280,38,282,602,.468,109,271,.402,173,331,.523,94,113,.832,27,99,71,27,7,64,63,767,/wnba/players/m/mitchke01w.html,https://www.basketball-reference.com/wnba/players/m/mitchke01w.html,mitchke01w
Tiffany Mitchell,CON,G,24,392,0,38,109,.349,6,24,.250,32,85,.376,36,46,.783,11,37,19,11,1,15,29,118,/wnba/players/m/mitchti01w.html,https://www.basketball-reference.com/wnba/players/m/mitchti01w.html,mitchti01w
Nika Mühl,SEA,G,16,57,0,1,14,.071,0,11,.000,1,3,.333,0,0,,6,10,7,2,0,4,9,2,/wnba/players/m/muhlni01w.html,https://www.basketball-reference.com/wnba/players/m/muhlni01w.html,muhlni01w
Astou Ndour-Fall,CON,C-F,22,92,0,9,26,.346,2,10,.200,7,16,.438,5,6,.833,2,18,1,1,4,3,10,25,/wnba/players/n/ndouras01w.html,https://www.basketball-reference.com/wnba/players/n/ndouras01w.html,ndouras01w
Olivia Nelson-Ododa,CON,C,37,437,0,49,99,.495,0,0,,49,99,.495,27,41,.659,30,93,8,14,21,29,63,125,/wnba/players/n/nelsool01w.html,https://www.basketball-reference.com/wnba/players/n/nelsool01w.html,nelsool01w
Kia Nurse,LAS,G,40,810,27,102,263,.388,53,160,.331,49,103,.476,46,58,.793,17,64,53,19,1,49,72,303,/wnba/players/n/nurseki01w.html,https://www.basketball-reference.com/wnba/players/n/nurseki01w.html,nurseki01w
Arike Ogunbowale,DAL,G,38,1465,38,279,729,.383,112,324,.346,167,405,.412,175,190,.921,29,173,195,81,11,103,107,845,/wnba/players/o/ogunbar01w.html,https://www.basketball-reference.com/wnba/players/o/ogunbar01w.html,ogunbar01w
Nneka Ogwumike,SEA,F,37,1177,37,252,493,.511,30,74,.405,222,419,.530,85,97,.876,69,280,86,69,20,49,84,619,/wnba/players/o/ogwumnn01w.html,https://www.basketball-reference.com/wnba/players/o/ogwumnn01w.html,ogwumnn01w
Michaela Onyenwere,CHI,F,34,636,18,88,212,.415,25,68,.368,63,144,.438,25,41,.610,19,62,33,19,12,43,68,226,/wnba/players/o/onyenmi01w.html,https://www.basketball-reference.com/wnba/players/o/onyenmi01w.html,onyenmi01w
Charisma Osborne,PHO,G,2,10,0,1,2,.500,0,0,,1,2,.500,0,0,,0,1,1,0,0,2,1,2,/wnba/players/o/osborch02w.html,https://www.basketball-reference.com/wnba/players/o/osborch02w.html,osborch02w
Cheyenne Parker-Tyus,ATL,F,25,492,11,83,187,.444,3,14,.214,80,173,.462,62,70,.886,31,121,37,21,9,52,60,231,/wnba/players/p/parkech01w.html,https://www.basketball-reference.com/wnba/players/p/parkech01w.html,parkech01w
Alissa Pili,MIN,F,22,138,0,19,45,.422,9,27,.333,10,18,.556,6,11,.545,6,27,5,5,2,19,29,53,/wnba/players/p/pilial01w.html,https://www.basketball-reference.com/wnba/players/p/pilial01w.html,pilial01w
Kelsey Plum,LVA,G,38,1291,38,232,549,.423,110,299,.368,122,250,.488,103,119,.866,10,98,159,27,1,93,104,677,/wnba/players/p/plumke01w.html,https://www.basketball-reference.com/wnba/players/p/plumke01w.html,plumke01w
Aerial Powers,ATL,G,17,304,2,49,138,.355,14,36,.389,35,102,.343,34,43,.791,15,56,24,16,4,18,35,146,/wnba/players/p/powerae01w.html,https://www.basketball-reference.com/wnba/players/p/powerae01w.html,powerae01w
Angel Reese,CHI,F,34,1104,34,164,419,.391,3,16,.188,161,403,.400,131,178,.736,172,446,63,44,16,75,119,462,/wnba/players/r/reesean01w.html,https://www.basketball-reference.com/wnba/players/r/reesean01w.html,reesean01w
DiDi Richards,WAS,G-F,19,198,7,20,50,.400,0,4,.000,20,46,.435,6,14,.429,10,29,13,2,4,7,15,46,/wnba/players/r/richadi01w.html,https://www.basketball-reference.com/wnba/players/r/richadi01w.html,richadi01w
Mercedes Russell,SEA,C,37,583,6,62,120,.517,0,0,,62,120,.517,21,33,.636,26,110,30,22,9,26,43,145,/wnba/players/r/russeme01w.html,https://www.basketball-reference.com/wnba/players/r/russeme01w.html,russeme01w
Nyara Sabally,NYL,C,26,352,0,50,87,.575,0,2,.000,50,85,.588,28,40,.700,34,105,15,23,19,13,41,128,/wnba/players/s/sabalny01w.html,https://www.basketball-reference.com/wnba/players/s/sabalny01w.html,sabalny01w
Satou Sabally,DAL,F,15,512,15,89,209,.426,38,84,.452,51,125,.408,53,68,.779,18,96,75,19,8,37,48,269,/wnba/players/s/sabalsa01w.html,https://www.basketball-reference.com/wnba/players/s/sabalsa01w.html,sabalsa01w
Karlie Samuelson,WAS,G,29,711,19,79,193,.409,49,123,.398,30,70,.429,36,39,.923,15,74,62,27,1,25,48,243,/wnba/players/s/samueka01w.html,https://www.basketball-reference.com/wnba/players/s/samueka01w.html,samueka01w
Katie Lou Samuelson,IND,F,37,674,15,51,146,.349,33,100,.330,18,46,.391,24,25,.960,17,85,51,12,9,18,53,159,/wnba/players/s/samueka02w.html,https://www.basketball-reference.com/wnba/players/s/samueka02w.html,samueka02w
Victaria Saxton,IND,F,9,23,0,3,9,.333,1,4,.250,2,5,.400,1,2,.500,0,3,0,0,0,1,4,8,/wnba/players/s/saxtovi01w.html,https://www.basketball-reference.com/wnba/players/s/saxtovi01w.html,saxtovi01w
Jacy Sheldon,DAL,G,40,931,26,81,210,.386,30,97,.309,51,113,.451,25,27,.926,27,82,99,23,12,63,101,217,/wnba/players/s/sheldja01w.html,https://www.basketball-reference.com/wnba/players/s/sheldja01w.html,sheldja01w
Jaylyn Sherrod,NYL,G,10,37,0,7,14,.500,2,6,.333,5,8,.625,3,6,.500,2,3,5,3,1,2,4,19,/wnba/players/s/sherrja01w.html,https://www.basketball-reference.com/wnba/players/s/sherrja01w.html,sherrja01w
Maddy Siegrist,DAL,F,27,644,13,106,210,.505,10,37,.270,96,173,.555,33,43,.767,43,90,27,10,10,15,33,255,/wnba/players/s/siegrma01w.html,https://www.basketball-reference.com/wnba/players/s/siegrma01w.html,siegrma01w
Alanna Smith,MIN,F,39,1035,39,147,312,.471,47,118,.398,100,194,.515,54,72,.750,61,219,124,53,57,76,119,395,/wnba/players/s/smithal01w.html,https://www.basketball-reference.com/wnba/players/s/smithal01w.html,smithal01w
NaLyssa Smith,IND,F,40,990,37,168,350,.480,14,48,.292,154,302,.510,72,127,.567,72,285,41,30,39,52,107,422,/wnba/players/s/smithna01w.html,https://www.basketball-reference.com/wnba/players/s/smithna01w.html,smithna01w
Stephanie Soares,DAL,C,22,175,3,10,34,.294,2,12,.167,8,22,.364,2,2,1.000,18,47,10,2,8,12,18,24,/wnba/players/s/soarest01w.html,https://www.basketball-reference.com/wnba/players/s/soarest01w.html,soarest01w
Taylor Soule,MIN,F,2,3,0,0,0,,0,0,,0,0,,0,0,,0,1,0,0,0,1,0,0,/wnba/players/s/souleta01w.html,https://www.basketball-reference.com/wnba/players/s/souleta01w.html,souleta01w
Azura Stevens,LAS,F-C,20,493,19,71,178,.399,28,80,.350,43,98,.439,22,27,.815,20,140,38,17,18,36,39,192,/wnba/players/s/steveaz01w.html,https://www.basketball-reference.com/wnba/players/s/steveaz01w.html,steveaz01w
Breanna Stewart,NYL,F,38,1243,38,265,578,.458,46,156,.295,219,422,.519,201,238,.845,61,323,134,64,48,65,80,777,/wnba/players/s/stewabr01w.html,https://www.basketball-reference.com/wnba/players/s/stewabr01w.html,stewabr01w
Kiah Stokes,LVA,C,39,716,29,20,62,.323,9,40,.225,11,22,.500,6,9,.667,23,184,28,21,33,15,68,55,/wnba/players/s/stokeki01w.html,https://www.basketball-reference.com/wnba/players/s/stokeki01w.html,stokeki01w
Brittney Sykes,WAS,G,18,419,18,81,200,.405,16,59,.271,65,141,.461,42,56,.750,11,73,55,16,7,40,26,220,/wnba/players/s/sykesbr01w.html,https://www.basketball-reference.com/wnba/players/s/sykesbr01w.html,sykesbr01w
Stephanie Talbot,LAS,F,37,600,10,49,124,.395,13,50,.260,36,74,.486,20,29,.690,21,101,76,19,17,37,51,131,/wnba/players/t/talbost01w.html,https://www.basketball-reference.com/wnba/players/t/talbost01w.html,talbost01w
Diana Taurasi,PHO,G,36,1044,36,172,430,.400,86,258,.333,86,172,.500,108,126,.857,13,137,122,22,10,68,92,538,/wnba/players/t/tauradi01w.html,https://www.basketball-reference.com/wnba/players/t/tauradi01w.html,tauradi01w
Alyssa Thomas,CON,F,40,1296,40,166,326,.509,0,4,.000,166,322,.516,91,145,.628,98,337,317,62,18,145,84,423,/wnba/players/t/thomaal01w.html,https://www.basketball-reference.com/wnba/players/t/thomaal01w.html,thomaal01w
Kayla Thornton,NYL,F,40,809,11,77,203,.379,45,126,.357,32,77,.416,22,26,.846,39,103,27,29,9,23,56,221,/wnba/players/t/thornka01w.html,https://www.basketball-reference.com/wnba/players/t/thornka01w.html,thornka01w
Brianna Turner,CHI,F-C,27,253,2,16,26,.615,0,0,,16,26,.615,1,2,.500,11,53,10,9,13,12,28,33,/wnba/players/t/turnebr01w.html,https://www.basketball-reference.com/wnba/players/t/turnebr01w.html,turnebr01w
Sevgi Uzun,DAL,G,40,820,19,68,199,.342,20,84,.238,48,115,.417,19,23,.826,9,65,119,37,11,73,60,175,/wnba/players/u/uzunse01w.html,https://www.basketball-reference.com/wnba/players/u/uzunse01w.html,uzunse01w
Courtney Vandersloot,NYL,G,31,691,31,81,182,.445,18,67,.269,63,115,.548,17,31,.548,13,81,149,25,15,56,53,197,/wnba/players/v/vandeco01w.html,https://www.basketball-reference.com/wnba/players/v/vandeco01w.html,vandeco01w
Julie Vanloo,WAS,G,40,926,34,106,306,.346,72,222,.324,34,84,.405,10,15,.667,5,65,173,19,1,102,86,294,/wnba/players/v/vanloju01w.html,https://www.basketball-reference.com/wnba/players/v/vanloju01w.html,vanloju01w
Victoria Vivians,SEA,G-F,35,445,15,41,123,.333,22,69,.319,19,54,.352,6,9,.667,19,69,29,13,7,20,42,110,/wnba/players/v/viviavi01w.html,https://www.basketball-reference.com/wnba/players/v/viviavi01w.html,viviavi01w
Shatori Walker-Kimbrough,WAS,G,40,883,2,105,253,.415,35,106,.330,70,147,.476,54,67,.806,13,69,75,42,18,54,40,299,/wnba/players/w/walkesh01w.html,https://www.basketball-reference.com/wnba/players/w/walkesh01w.html,walkesh01w
Kristy Wallace,IND,G,26,447,15,47,117,.402,17,58,.293,30,59,.508,12,18,.667,11,48,45,18,6,17,29,123,/wnba/players/w/wallakr01w.html,https://www.basketball-reference.com/wnba/players/w/wallakr01w.html,wallakr01w
Erica Wheeler,IND,G,39,546,2,58,141,.411,15,52,.288,43,89,.483,11,13,.846,7,53,69,17,4,35,45,142,/wnba/players/w/wheeler01w.html,https://www.basketball-reference.com/wnba/players/w/wheeler01w.html,wheeler01w
Sami Whitcomb,SEA,G,40,611,3,72,208,.346,47,161,.292,25,47,.532,9,11,.818,15,74,64,30,9,40,56,200,/wnba/players/w/whitcsa01w.html,https://www.basketball-reference.com/wnba/players/w/whitcsa01w.html,whitcsa01w
Courtney Williams,MIN,G,40,1061,40,194,438,.443,23,69,.333,171,369,.463,34,42,.810,14,186,221,36,16,98,77,445,/wnba/players/w/willico01w.html,https://www.basketball-reference.com/wnba/players/w/willico01w.html,willico01w
Elizabeth Williams,CHI,C-F,9,249,9,37,76,.487,0,0,,37,76,.487,16,24,.667,25,63,14,15,15,15,19,90,/wnba/players/w/williel01w.html,https://www.basketball-reference.com/wnba/players/w/williel01w.html,williel01w
Gabby Williams,SEA,F,12,351,11,50,104,.481,10,31,.323,40,73,.548,14,19,.737,9,48,44,20,3,17,21,124,/wnba/players/w/williga01w.html,https://www.basketball-reference.com/wnba/players/w/williga01w.html,williga01w
Kiana Williams,SEA,G,13,45,0,4,16,.250,3,9,.333,1,7,.143,0,0,,0,2,5,0,0,2,3,11,/wnba/players/w/williki02w.html,https://www.basketball-reference.com/wnba/players/w/williki02w.html,williki02w
A'ja Wilson,LVA,C,38,1308,38,385,743,.518,19,60,.317,366,683,.536,232,275,.844,79,451,88,68,98,48,67,1021,/wnba/players/w/wilsoa01w.html,https://www.basketball-reference.com/wnba/players/w/wilsoa01w.html,wilsoa01w
Jackie Young,LVA,G,37,1205,37,201,467,.430,70,208,.337,131,259,.506,111,128,.867,26,161,197,37,8,78,92,583,/wnba/players/y/youngja01w.html,https://www.basketball-reference.com/wnba/players/y/youngja01w.html,youngja01w
Li Yueru,LAS,C,38,546,2,68,147,.463,4,15,.267,64,132,.485,53,59,.898,55,140,22,12,9,33,80,193,/wnba/players/y/yueruli01w.html,https://www.basketball-reference.com/wnba/players/y/yueruli01w.html,yueruli01w
Cecilia Zandalasini,MIN,F,40,487,0,67,148,.453,31,70,.443,36,78,.462,18,29,.621,5,46,43,15,9,31,55,183,/wnba/players/z/zandace01w.html,https://www.basketball-reference.com/wnba/players/z/zandace01w.html,zandace01w
Rachel Banham,TOT,G,37,586,9,71,202,.351,52,142,.366,19,60,.317,16,20,.800,7,53,40,14,7,20,58,210,/wnba/players/b/banhara01w.html,https://www.basketball-reference.com/wnba/players/b/banhara01w.html,banhara01w
Morgan Bertsch,TOT,F,11,100,0,6,30,.200,2,15,.133,4,15,.267,8,10,.800,8,17,2,1,1,13,14,22,/wnba/players/b/bertsmo01w.html,https://www.basketball-reference.com/wnba/players/b/bertsmo01w.html,bertsmo01w
Monique Billings,TOT,F,37,843,14,107,230,.465,3,14,.214,104,216,.481,57,71,.803,65,213,53,27,19,65,84,274,/wnba/players/b/billimo01w.html,https://www.basketball-reference.com/wnba/players/b/billimo01w.html,billimo01w
Crystal Dangerfield,TOT,G,33,441,5,37,131,.282,17,62,.274,20,69,.290,15,17,.882,2,34,62,11,6,26,25,106,/wnba/players/d/dangecr01w.html,https://www.basketball-reference.com/wnba/players/d/dangecr01w.html,dangecr01w
Queen Egbo,TOT,F-C,8,29,0,5,12,.417,0,0,,5,12,.417,2,2,1.000,3,10,0,3,1,0,4,12,/wnba/players/e/egboqu01w.html,https://www.basketball-reference.com/wnba/players/e/egboqu01w.html,egboqu01w
Myisha Hines-Allen,TOT,F,40,746,11,120,244,.492,18,50,.360,102,194,.526,55,66,.833,42,187,102,26,4,56,81,313,/wnba/players/h/hinesmy01w.html,https://www.basketball-reference.com/wnba/players/h/hinesmy01w.html,hinesmy01w
Moriah Jefferson,TOT,G,23,185,0,9,42,.214,4,19,.211,5,23,.217,9,10,.900,3,9,30,8,0,8,17,31,/wnba/players/j/jeffemo01w.html,https://www.basketball-reference.com/wnba/players/j/jeffemo01w.html,jeffemo01w
Sika Koné,TOT,F,27,217,0,36,84,.429,4,7,.571,32,77,.416,31,36,.861,14,55,12,6,2,14,25,107,/wnba/players/k/konesi01w.html,https://www.basketball-reference.com/wnba/players/k/konesi01w.html,konesi01w
Marina Mabrey,TOT,G,40,1235,27,214,518,.413,98,260,.377,116,258,.450,49,69,.710,22,174,163,45,17,94,104,575,/wnba/players/m/mabrema01w.html,https://www.basketball-reference.com/wnba/players/m/mabrema01w.html,mabrema01w
Odyssey Sims,TOT,G,24,700,17,117,242,.483,20,58,.345,97,184,.527,48,63,.762,17,51,127,28,5,52,36,302,/wnba/players/s/simsod01w.html,https://www.basketball-reference.com/wnba/players/s/simsod01w.html,simsod01w
Sug Sutton,TOT,G,29,379,0,24,79,.304,10,41,.244,14,38,.368,9,13,.692,6,28,62,16,1,34,26,67,/wnba/players/s/suttosu01w.html,https://www.basketball-reference.com/wnba/players/s/suttosu01w.html,suttosu01w
Celeste Taylor,TOT,G,22,328,4,21,62,.339,6,30,.200,15,32,.469,10,18,.556,6,28,28,15,10,22,22,58,/wnba/players/t/tayloce01w.html,https://www.basketball-reference.com/wnba/players/t/tayloce01w.html,tayloce01w
Rachel Banham,CON,G,21,270,0,34,95,.358,23,66,.348,11,29,.379,9,10,.900,3,25,14,8,5,11,31,100,/wnba/players/b/banhara01w.html,https://www.basketball-reference.com/wnba/players/b/banhara01w.html,banhara01w
Morgan Bertsch,PHO,F,8,78,0,6,27,.222,2,14,.143,4,13,.308,7,8,.875,7,12,2,0,1,9,10,21,/wnba/players/b/bertsmo01w.html,https://www.basketball-reference.com/wnba/players/b/bertsmo01w.html,bertsmo01w
Monique Billings,DAL,F,24,609,12,84,177,.475,1,7,.143,83,170,.488,41,51,.804,45,159,46,15,13,51,59,210,/wnba/players/b/billimo01w.html,https://www.basketball-reference.com/wnba/players/b/billimo01w.html,billimo01w
Crystal Dangerfield,ATL,G,15,211,0,15,54,.278,5,23,.217,10,31,.323,11,11,1.000,1,16,26,4,3,9,13,46,/wnba/players/d/dangecr01w.html,https://www.basketball-reference.com/wnba/players/d/dangecr01w.html,dangecr01w
Queen Egbo,CON,F-C,3,7,0,0,5,.000,0,0,,0,5,.000,2,2,1.000,1,2,0,0,0,0,1,2,/wnba/players/e/egboqu01w.html,https://www.basketball-reference.com/wnba/players/e/egboqu01w.html,egboqu01w
Myisha Hines-Allen,WAS,F,27,516,10,86,176,.489,14,39,.359,72,137,.526,29,35,.829,27,132,73,15,2,39,51,215,/wnba/players/h/hinesmy01w.html,https://www.basketball-reference.com/wnba/players/h/hinesmy01w.html,hinesmy01w
Moriah Jefferson,CON,G,9,61,0,6,16,.375,3,9,.333,3,7,.429,4,4,1.000,0,2,6,6,0,2,8,19,/wnba/players/j/jeffemo01w.html,https://www.basketball-reference.com/wnba/players/j/jeffemo01w.html,jeffemo01w
Sika Koné,MIN,F,17,57,0,7,17,.412,0,0,,7,17,.412,7,9,.778,7,12,1,2,0,5,5,21,/wnba/players/k/konesi01w.html,https://www.basketball-reference.com/wnba/players/k/konesi01w.html,konesi01w
Marina Mabrey,CHI,G,24,796,24,123,323,.381,56,161,.348,67,162,.414,34,47,.723,17,118,109,29,7,67,64,336,/wnba/players/m/mabrema01w.html,https://www.basketball-reference.com/wnba/players/m/mabrema01w.html,mabrema01w
Odyssey Sims,DAL,G,9,305,7,61,114,.535,16,32,.500,45,82,.549,17,26,.654,11,26,50,15,4,16,15,155,/wnba/players/s/simsod01w.html,https://www.basketball-reference.com/wnba/players/s/simsod01w.html,simsod01w
Sug Sutton,PHO,G,22,328,0,22,72,.306,10,37,.270,12,35,.343,9,13,.692,6,24,52,14,1,29,25,63,/wnba/players/s/suttosu01w.html,https://www.basketball-reference.com/wnba/players/s/suttosu01w.html,suttosu01w
Celeste Taylor,IND,G,5,16,0,1,1,1.000,0,0,,1,1,1.000,1,2,.500,0,1,1,0,1,1,1,3,/wnba/players/t/tayloce01w.html,https://www.basketball-reference.com/wnba/players/t/tayloce01w.html,tayloce01w
Queen Egbo,LAS,F-C,2,4,0,1,1,1.000,0,0,,1,1,1.000,0,0,,1,3,0,1,0,0,1,2,/wnba/players/e/egboqu01w.html,https://www.basketball-reference.com/wnba/players/e/egboqu01w.html,egboqu01w
Queen Egbo,LVA,F-C,3,18,0,4,6,.667,0,0,,4,6,.667,0,0,,1,5,0,2,1,0,2,8,/wnba/players/e/egboqu01w.html,https://www.basketball-reference.com/wnba/players/e/egboqu01w.html,egboqu01w
Morgan Bertsch,DAL,F,3,22,0,0,3,.000,0,1,.000,0,2,.000,1,2,.500,1,5,0,1,0,4,4,1,/wnba/players/b/bertsmo01w.html,https://www.basketball-reference.com/wnba/players/b/bertsmo01w.html,bertsmo01w
Moriah Jefferson,CHI,G,14,124,0,3,26,.115,1,10,.100,2,16,.125,5,6,.833,3,7,24,2,0,6,9,12,/wnba/players/j/jeffemo01w.html,https://www.basketball-reference.com/wnba/players/j/jeffemo01w.html,jeffemo01w
Odyssey Sims,LAS,G,15,395,10,56,128,.438,4,26,.154,52,102,.510,31,37,.838,6,25,77,13,1,36,21,147,/wnba/players/s/simsod01w.html,https://www.basketball-reference.com/wnba/players/s/simsod01w.html,simsod01w
Celeste Taylor,CON,G,2,11,0,1,1,1.000,0,0,,1,1,1.000,0,0,,0,0,0,0,0,0,4,2,/wnba/players/t/tayloce01w.html,https://www.basketball-reference.com/wnba/players/t/tayloce01w.html,tayloce01w
Celeste Taylor,PHO,G,15,301,4,19,60,.317,6,30,.200,13,30,.433,9,16,.563,6,27,27,15,9,21,17,53,/wnba/players/t/tayloce01w.html,https://www.basketball-reference.com/wnba/players/t/tayloce01w.html,tayloce01w
Crystal Dangerfield,LAS,G,18,230,5,22,77,.286,12,39,.308,10,38,.263,4,6,.667,1,18,36,7,3,17,12,60,/wnba/players/d/dangecr01w.html,https://www.basketball-reference.com/wnba/players/d/dangecr01w.html,dangecr01w
Sika Koné,WAS,F,10,160,0,29,67,.433,4,7,.571,25,60,.417,24,27,.889,7,43,11,4,2,9,20,86,/wnba/players/k/konesi01w.html,https://www.basketball-reference.com/wnba/players/k/konesi01w.html,konesi01w
Rachel Banham,CHI,G,16,316,9,37,107,.346,29,76,.382,8,31,.258,7,10,.700,4,28,26,6,2,9,27,110,/wnba/players/b/banhara01w.html,https://www.basketball-reference.com/wnba/players/b/banhara01w.html,banhara01w
Sug Sutton,WAS,G,7,51,0,2,7,.286,0,4,.000,2,3,.667,0,0,,0,4,10,2,0,5,1,4,/wnba/players/s/suttosu01w.html,https://www.basketball-reference.com/wnba/players/s/suttosu01w.html,suttosu01w
Monique Billings,PHO,F,13,234,2,23,53,.434,2,7,.286,21,46,.457,16,20,.800,20,54,7,12,6,14,25,64,/wnba/players/b/billimo01w.html,https://www.basketball-reference.com/wnba/players/b/billimo01w.html,billimo01w
Marina Mabrey,CON,G,16,439,3,91,195,.467,42,99,.424,49,96,.510,15,22,.682,5,56,54,16,10,27,40,239,/wnba/players/m/mabrema01w.html,https://www.basketball-reference.com/wnba/players/m/mabrema01w.html,mabrema01w
Myisha Hines-Allen,MIN,F,13,230,1,34,68,.500,4,11,.364,30,57,.526,26,31,.839,15,55,29,11,2,17,30,98,/wnba/players/h/hinesmy01w.html,https://www.basketball-reference.com/wnba/players/h/hinesmy01w.html,hinesmy01w
