player,team,pos,g,mp,gs,fg,fga,fg_pct,fg3,fg3a,fg3_pct,fg2,fg2a,fg2_pct,ft,fta,ft_pct,orb,trb,ast,stl,blk,tov,pf,pts,player_href,player_url,player_id
Monique Akoa Makani,PHO,G,41,881,40,114,265,.430,49,123,.398,65,142,.458,38,41,.927,25,91,111,32,3,55,101,315,/wnba/players/a/akoamo01w.html,https://www.basketball-reference.com/wnba/players/a/akoamo01w.html,akoamo01w
Julie Allemand,LAS,G,34,963,27,70,159,.440,28,101,.277,42,58,.724,15,19,.789,13,127,170,45,1,53,55,183,/wnba/players/a/allemju01w.html,https://www.basketball-reference.com/wnba/players/a/allemju01w.html,allemju01w
Lindsay Allen,CON,G,31,450,9,26,65,.400,3,18,.167,23,47,.489,19,23,.826,9,32,61,10,6,31,37,74,/wnba/players/a/allenli01w.html,https://www.basketball-reference.com/wnba/players/a/allenli01w.html,allenli01w
Rebecca Allen,CHI,F-G,44,821,17,82,240,.342,42,132,.318,40,108,.370,19,31,.613,16,113,57,23,23,39,62,225,/wnba/players/a/allenre01w.html,https://www.basketball-reference.com/wnba/players/a/allenre01w.html,allenre01w
Laeticia Amihere,GSV,F,29,385,0,52,114,.456,3,21,.143,49,93,.527,49,63,.778,35,125,27,17,13,32,36,156,/wnba/players/a/amihela01w.html,https://www.basketball-reference.com/wnba/players/a/amihela01w.html,amihela01w
Yvonne Anderson,MIN,G,1,12,0,0,3,.000,0,1,.000,0,2,.000,0,0,,0,1,2,2,0,0,3,0,/wnba/players/a/anderyv01w.html,https://www.basketball-reference.com/wnba/players/a/anderyv01w.html,anderyv01w
Ariel Atkins,CHI,G,34,970,34,162,365,.444,43,119,.361,119,246,.484,80,93,.860,23,114,122,53,24,84,102,447,/wnba/players/a/atkinar01w.html,https://www.basketball-reference.com/wnba/players/a/atkinar01w.html,atkinar01w
Shakira Austin,WAS,F-C,38,874,30,191,411,.465,2,15,.133,189,396,.477,97,146,.664,57,242,68,41,43,92,81,481,/wnba/players/a/austish01w.html,https://www.basketball-reference.com/wnba/players/a/austish01w.html,austish01w
Marième Badiane,MIN,C,3,11,0,0,3,.000,0,1,.000,0,2,.000,0,0,,1,1,0,2,0,2,6,0,/wnba/players/b/badiama02w.html,https://www.basketball-reference.com/wnba/players/b/badiama02w.html,badiama02w
Rachel Banham,CHI,G,44,1081,33,129,338,.382,86,241,.357,43,97,.443,52,59,.881,6,74,119,26,11,71,84,396,/wnba/players/b/banhara01w.html,https://www.basketball-reference.com/wnba/players/b/banhara01w.html,banhara01w
Sarah Ashlee Barker,LAS,G,34,481,8,35,104,.337,18,61,.295,17,43,.395,17,24,.708,10,66,31,11,4,37,45,105,/wnba/players/b/barkesa01w.html,https://www.basketball-reference.com/wnba/players/b/barkesa01w.html,barkesa01w
Kierstan Bell,LVA,F,35,427,16,52,154,.338,30,103,.291,22,51,.431,12,15,.800,20,62,23,14,11,17,30,146,/wnba/players/b/bellki01w.html,https://www.basketball-reference.com/wnba/players/b/bellki01w.html,bellki01w
Monique Billings,GSV,F,26,474,8,72,151,.477,10,36,.278,62,115,.539,36,53,.679,37,116,14,16,21,21,44,190,/wnba/players/b/billimo01w.html,https://www.basketball-reference.com/wnba/players/b/billimo01w.html,billimo01w
Aliyah Boston,IND,C-F,44,1327,44,271,504,.538,6,29,.207,265,475,.558,112,147,.762,107,361,163,52,41,81,136,660,/wnba/players/b/bostoal01w.html,https://www.basketball-reference.com/wnba/players/b/bostoal01w.html,bostoal01w
Crystal Bradford,LVA,F,4,24,0,2,6,.333,0,2,.000,2,4,.500,0,0,,2,5,1,2,0,1,3,4,/wnba/players/b/bradfcr01w.html,https://www.basketball-reference.com/wnba/players/b/bradfcr01w.html,bradfcr01w
Cameron Brink,LAS,F,19,244,0,35,82,.427,10,34,.294,25,48,.521,16,21,.762,26,82,9,10,26,25,48,96,/wnba/players/b/brinkca01w.html,https://www.basketball-reference.com/wnba/players/b/brinkca01w.html,brinkca01w
Jaelyn Brown,CON,G-F,10,131,0,14,37,.378,8,18,.444,6,19,.316,1,2,.500,4,12,1,5,2,5,17,37,/wnba/players/b/brownja06w.html,https://www.basketball-reference.com/wnba/players/b/brownja06w.html,brownja06w
Kalani Brown,PHO,C,29,370,1,59,96,.615,3,8,.375,56,88,.636,27,35,.771,36,117,16,7,18,23,46,148,/wnba/players/b/brownka01w.html,https://www.basketball-reference.com/wnba/players/b/brownka01w.html,brownka01w
Lexie Brown,SEA,G,24,227,0,17,48,.354,10,37,.270,7,11,.636,7,10,.700,2,17,23,9,1,6,20,51,/wnba/players/b/brownle02w.html,https://www.basketball-reference.com/wnba/players/b/brownle02w.html,brownle02w
Paige Bueckers,DAL,G,36,1199,36,259,543,.477,39,118,.331,220,425,.518,135,152,.888,25,142,194,57,18,72,82,692,/wnba/players/b/bueckpa01w.html,https://www.basketball-reference.com/wnba/players/b/bueckpa01w.html,bueckpa01w
Kennedy Burke,NYL,G-F,36,779,9,102,218,.468,46,111,.414,56,107,.523,41,54,.759,21,85,45,28,16,34,47,291,/wnba/players/b/burkeke01w.html,https://www.basketball-reference.com/wnba/players/b/burkeke01w.html,burkeke01w
Rae Burrell,LAS,G-F,28,515,1,77,178,.433,22,67,.328,55,111,.495,35,47,.745,18,65,34,16,6,25,36,211,/wnba/players/b/burrera01w.html,https://www.basketball-reference.com/wnba/players/b/burrera01w.html,burrera01w
Veronica Burton,GSV,G,44,1292,44,149,385,.387,61,177,.345,88,208,.423,166,189,.878,50,192,265,50,27,94,103,525,/wnba/players/b/burtove01w.html,https://www.basketball-reference.com/wnba/players/b/burtove01w.html,burtove01w
Maya Caldwell,ATL,G,41,760,16,83,195,.426,39,110,.355,44,85,.518,16,20,.800,33,127,74,37,7,40,65,221,/wnba/players/c/caldwma01w.html,https://www.basketball-reference.com/wnba/players/c/caldwma01w.html,caldwma01w
Jordin Canada,ATL,G,28,783,26,108,273,.396,25,86,.291,83,187,.444,73,96,.760,8,91,159,48,9,62,46,314,/wnba/players/c/canadjo01w.html,https://www.basketball-reference.com/wnba/players/c/canadjo01w.html,canadjo01w
Emma Cannon,LAS,F,21,213,0,32,63,.508,14,36,.389,18,27,.667,15,23,.652,11,38,8,10,1,16,36,93,/wnba/players/c/cannoem01w.html,https://www.basketball-reference.com/wnba/players/c/cannoem01w.html,cannoem01w
Kamilla Cardoso,CHI,C,40,1102,39,223,422,.528,1,2,.500,222,420,.529,96,133,.722,118,341,98,14,47,97,113,543,/wnba/players/c/cardoka01w.html,https://www.basketball-reference.com/wnba/players/c/cardoka01w.html,cardoka01w
Bridget Carleton,MIN,F,44,1227,44,102,254,.402,63,169,.373,39,85,.459,18,25,.720,39,158,89,37,12,33,83,285,/wnba/players/c/carlebr01w.html,https://www.basketball-reference.com/wnba/players/c/carlebr01w.html,carlebr01w
Tina Charles,CON,C,43,1222,42,260,593,.438,12,46,.261,248,547,.453,168,196,.857,62,248,74,33,19,82,89,700,/wnba/players/c/charlti01w.html,https://www.basketball-reference.com/wnba/players/c/charlti01w.html,charlti01w
Kaitlyn Chen,GSV,G,24,247,0,19,50,.380,5,15,.333,14,35,.400,5,7,.714,5,22,24,5,0,18,16,48,/wnba/players/c/chenka01w.html,https://www.basketball-reference.com/wnba/players/c/chenka01w.html,chenka01w
Sonia Citron,WAS,G,44,1415,44,223,474,.470,81,182,.445,142,292,.486,130,149,.872,29,174,104,55,17,91,94,657,/wnba/players/c/citroso01w.html,https://www.basketball-reference.com/wnba/players/c/citroso01w.html,citroso01w
Caitlin Clark,IND,G,13,404,13,72,196,.367,29,104,.279,43,92,.467,41,50,.820,1,65,115,21,7,66,35,214,/wnba/players/c/clarkca02w.html,https://www.basketball-reference.com/wnba/players/c/clarkca02w.html,clarkca02w
Natasha Cloud,NYL,G,41,1191,41,151,349,.433,52,154,.338,99,195,.508,60,69,.870,14,151,211,49,14,77,119,414,/wnba/players/c/cloudna01w.html,https://www.basketball-reference.com/wnba/players/c/cloudna01w.html,cloudna01w
Nia Coffey,ATL,F,44,455,2,55,147,.374,24,82,.293,31,65,.477,36,50,.720,26,114,46,10,18,30,47,170,/wnba/players/c/coffeni01w.html,https://www.basketball-reference.com/wnba/players/c/coffeni01w.html,coffeni01w
Napheesa Collier,MIN,F,33,1065,33,275,518,.531,50,124,.403,225,394,.571,155,171,.906,62,241,105,54,50,70,78,755,/wnba/players/c/collina01w.html,https://www.basketball-reference.com/wnba/players/c/collina01w.html,collina01w
Sydney Colson,IND,G,30,404,6,26,76,.342,13,47,.277,13,29,.448,6,7,.857,7,25,60,15,6,35,34,71,/wnba/players/c/colsosy01w.html,https://www.basketball-reference.com/wnba/players/c/colsosy01w.html,colsosy01w
Zia Cooke,SEA,G,26,261,0,30,84,.357,15,38,.395,15,46,.326,15,23,.652,6,14,14,10,1,22,26,90,/wnba/players/c/cookezi01w.html,https://www.basketball-reference.com/wnba/players/c/cookezi01w.html,cookezi01w
Kahleah Copper,PHO,G-F,28,752,28,153,361,.424,57,151,.377,96,210,.457,75,88,.852,11,81,43,30,5,62,73,438,/wnba/players/c/coppeka01w.html,https://www.basketball-reference.com/wnba/players/c/coppeka01w.html,coppeka01w
Sophie Cunningham,IND,G,30,756,13,82,175,.469,51,118,.432,31,57,.544,42,48,.875,15,105,36,29,3,34,65,257,/wnba/players/c/cunniso01w.html,https://www.basketball-reference.com/wnba/players/c/cunniso01w.html,cunniso01w
Damiris Dantas,IND,C-F,38,439,0,63,181,.348,25,95,.263,38,86,.442,24,28,.857,28,91,25,6,3,29,57,175,/wnba/players/d/dantada01w.html,https://www.basketball-reference.com/wnba/players/d/dantada01w.html,dantada01w
Kariata Diaby,CON,C,13,103,0,7,14,.500,0,0,,7,14,.500,11,14,.786,3,13,5,6,1,12,19,25,/wnba/players/d/diabyka01w.html,https://www.basketball-reference.com/wnba/players/d/diabyka01w.html,diabyka01w
Skylar Diggins,SEA,G,43,1343,43,228,539,.423,62,170,.365,166,369,.450,149,189,.788,27,108,258,52,35,91,101,667,/wnba/players/d/diggisk01w.html,https://www.basketball-reference.com/wnba/players/d/diggisk01w.html,diggisk01w
Stefanie Dolson,WAS,C,43,653,14,60,142,.423,27,75,.360,33,67,.493,14,20,.700,16,97,59,12,14,29,97,161,/wnba/players/d/dolsost01w.html,https://www.basketball-reference.com/wnba/players/d/dolsost01w.html,dolsost01w
Emily Engstler,WAS,F,40,512,0,53,134,.396,16,63,.254,37,71,.521,24,36,.667,37,130,58,28,27,38,52,146,/wnba/players/e/engstem01w.html,https://www.basketball-reference.com/wnba/players/e/engstem01w.html,engstem01w
Dana Evans,LVA,G,44,777,1,107,275,.389,37,101,.366,70,174,.402,40,53,.755,8,47,96,17,5,37,57,291,/wnba/players/e/evansda02w.html,https://www.basketball-reference.com/wnba/players/e/evansda02w.html,evansda02w
Temi Fagbenle,GSV,C,39,925,38,125,249,.502,12,62,.194,113,187,.604,26,36,.722,70,190,61,35,23,58,119,288,/wnba/players/f/fagbete01w.html,https://www.basketball-reference.com/wnba/players/f/fagbete01w.html,fagbete01w
Sania Feagin,LAS,F,16,77,0,10,28,.357,0,4,.000,10,24,.417,0,2,.000,3,11,4,0,6,7,16,20,/wnba/players/f/feagisa01w.html,https://www.basketball-reference.com/wnba/players/f/feagisa01w.html,feagisa01w
Leonie Fiebich,NYL,F,37,1041,37,108,221,.489,51,120,.425,57,101,.564,54,62,.871,23,131,64,34,14,45,90,321,/wnba/players/f/fiebile01w.html,https://www.basketball-reference.com/wnba/players/f/fiebile01w.html,fiebile01w
Rebekah Gardner,NYL,G,41,502,5,55,110,.500,20,42,.476,35,68,.515,22,27,.815,27,74,25,25,7,23,63,152,/wnba/players/g/gardnre01w.html,https://www.basketball-reference.com/wnba/players/g/gardnre01w.html,gardnre01w
Luisa Geiselsoder,DAL,C,28,628,24,76,179,.425,31,94,.330,45,85,.529,9,11,.818,24,133,44,22,19,28,67,192,/wnba/players/g/geiselu01w.html,https://www.basketball-reference.com/wnba/players/g/geiselu01w.html,geiselu01w
Allisha Gray,ATL,G,42,1451,42,246,546,.451,98,255,.384,148,291,.509,183,229,.799,36,223,147,45,15,74,109,773,/wnba/players/g/grayal01w.html,https://www.basketball-reference.com/wnba/players/g/grayal01w.html,grayal01w
Chelsea Gray,LVA,G,44,1368,44,169,385,.439,63,171,.368,106,214,.495,92,104,.885,25,173,239,62,28,125,89,493,/wnba/players/g/graych01w.html,https://www.basketball-reference.com/wnba/players/g/graych01w.html,graych01w
Brittney Griner,ATL,C,39,810,25,156,301,.518,5,19,.263,151,282,.535,65,85,.765,36,203,33,5,47,59,75,382,/wnba/players/g/grinebr01w.html,https://www.basketball-reference.com/wnba/players/g/grinebr01w.html,grinebr01w
Megan Gustafson,LVA,C,20,226,1,20,57,.351,13,39,.333,7,18,.389,7,15,.467,8,36,5,3,6,6,42,60,/wnba/players/g/gustame01w.html,https://www.basketball-reference.com/wnba/players/g/gustame01w.html,gustame01w
Dearica Hamby,LAS,F,44,1374,44,324,566,.572,15,54,.278,309,512,.604,148,236,.627,113,349,144,69,21,117,119,811,/wnba/players/h/hambyde01w.html,https://www.basketball-reference.com/wnba/players/h/hambyde01w.html,hambyde01w
Isabelle Harrison,NYL,F,34,360,1,65,134,.485,4,15,.267,61,119,.513,33,43,.767,29,89,24,20,2,23,44,167,/wnba/players/h/harriis01w.html,https://www.basketball-reference.com/wnba/players/h/harriis01w.html,harriis01w
Tyasha Harris,DAL,G,5,82,0,8,18,.444,5,11,.455,3,7,.429,2,2,1.000,1,5,13,2,2,3,5,23,/wnba/players/h/harrity01w.html,https://www.basketball-reference.com/wnba/players/h/harrity01w.html,harrity01w
Bria Hartley,CON,G,38,867,32,106,293,.362,54,147,.367,52,146,.356,71,92,.772,11,75,117,29,0,69,95,337,/wnba/players/h/hartlbr01w.html,https://www.basketball-reference.com/wnba/players/h/hartlbr01w.html,hartlbr01w
Tiffany Hayes,GSV,G,26,700,24,99,237,.418,41,101,.406,58,136,.426,64,80,.800,18,100,77,14,4,49,58,303,/wnba/players/h/hayesti01w.html,https://www.basketball-reference.com/wnba/players/h/hayesti01w.html,hayesti01w
Lexi Held,PHO,G,32,471,0,62,164,.378,28,91,.308,34,73,.466,18,22,.818,11,34,35,23,5,28,38,170,/wnba/players/h/heldle01w.html,https://www.basketball-reference.com/wnba/players/h/heldle01w.html,heldle01w
Natisha Hiedeman,MIN,G,44,833,0,151,307,.492,46,124,.371,105,183,.574,51,67,.761,11,82,123,32,9,54,71,399,/wnba/players/h/hiedena01w.html,https://www.basketball-reference.com/wnba/players/h/hiedena01w.html,hiedena01w
Naz Hillmon,ATL,F,44,1122,17,139,300,.463,53,165,.321,86,135,.637,49,59,.831,69,271,105,21,19,50,74,380,/wnba/players/h/hillmna01w.html,https://www.basketball-reference.com/wnba/players/h/hillmna01w.html,hillmna01w
Myisha Hines-Allen,DAL,F,40,882,20,112,249,.450,16,60,.267,96,189,.508,62,83,.747,58,240,116,32,18,87,101,302,/wnba/players/h/hinesmy01w.html,https://www.basketball-reference.com/wnba/players/h/hinesmy01w.html,hinesmy01w
Joyner Holmes,LVA,F,6,29,0,3,12,.250,1,5,.200,2,7,.286,0,0,,2,6,0,0,0,2,5,7,/wnba/players/h/holmejo02w.html,https://www.basketball-reference.com/wnba/players/h/holmejo02w.html,holmejo02w
Mackenzie Holmes,SEA,F,10,58,0,5,7,.714,0,0,,5,7,.714,0,0,,3,9,2,5,1,0,7,10,/wnba/players/h/holmema01w.html,https://www.basketball-reference.com/wnba/players/h/holmema01w.html,holmema01w
Natasha Howard,IND,F,44,1060,44,200,362,.552,6,33,.182,194,329,.590,94,132,.712,86,290,66,52,25,85,119,500,/wnba/players/h/howarna01w.html,https://www.basketball-reference.com/wnba/players/h/howarna01w.html,howarna01w
Rhyne Howard,ATL,G,33,1151,32,187,499,.375,102,317,.322,85,182,.467,101,118,.856,31,148,153,51,27,55,96,577,/wnba/players/h/howarrh01w.html,https://www.basketball-reference.com/wnba/players/h/howarrh01w.html,howarrh01w
Lexie Hull,IND,G,44,1189,30,118,299,.395,55,150,.367,63,149,.423,26,36,.722,62,190,79,51,7,41,121,317,/wnba/players/h/hullle01w.html,https://www.basketball-reference.com/wnba/players/h/hullle01w.html,hullle01w
Sabrina Ionescu,NYL,G,38,1194,38,230,573,.401,81,271,.299,149,302,.493,152,163,.933,30,185,216,48,16,100,63,693,/wnba/players/i/ionessa01w.html,https://www.basketball-reference.com/wnba/players/i/ionessa01w.html,ionessa01w
Kiki Iriafen,WAS,F,44,1185,44,222,455,.488,2,11,.182,220,444,.495,138,176,.784,114,376,69,26,7,96,126,584,/wnba/players/i/iriafki01w.html,https://www.basketball-reference.com/wnba/players/i/iriafki01w.html,iriafki01w
Rickea Jackson,LAS,F,38,1173,37,205,483,.424,65,187,.348,140,296,.473,83,98,.847,38,122,64,23,14,78,71,558,/wnba/players/j/jacksri02w.html,https://www.basketball-reference.com/wnba/players/j/jacksri02w.html,jacksri02w
Aziaha James,DAL,G,38,673,8,106,284,.373,32,112,.286,74,172,.430,41,55,.745,36,111,59,24,7,38,46,285,/wnba/players/j/jamesaz01w.html,https://www.basketball-reference.com/wnba/players/j/jamesaz01w.html,jamesaz01w
Moriah Jefferson,CHI,G,5,35,1,3,8,.375,1,3,.333,2,5,.400,0,0,,0,5,9,0,0,2,3,7,/wnba/players/j/jeffemo01w.html,https://www.basketball-reference.com/wnba/players/j/jeffemo01w.html,jeffemo01w
Marine Johannes,NYL,G,44,803,5,100,252,.397,65,189,.344,35,63,.556,16,19,.842,13,84,70,25,12,52,46,281,/wnba/players/j/johanma01w.html,https://www.basketball-reference.com/wnba/players/j/johanma01w.html,johanma01w
Brionna Jones,ATL,F,44,1169,44,225,427,.527,12,46,.261,213,381,.559,102,132,.773,136,319,95,48,36,64,109,564,/wnba/players/j/jonesbr01w.html,https://www.basketball-reference.com/wnba/players/j/jonesbr01w.html,jonesbr01w
Jonquel Jones,NYL,C,31,830,31,150,306,.490,53,125,.424,97,181,.536,70,91,.769,45,251,85,15,33,65,79,423,/wnba/players/j/jonesjo01w.html,https://www.basketball-reference.com/wnba/players/j/jonesjo01w.html,jonesjo01w
Elizabeth Kitley,LVA,C,12,98,1,7,23,.304,0,1,.000,7,22,.318,1,2,.500,4,17,1,4,6,7,18,15,/wnba/players/k/kitleel01w.html,https://www.basketball-reference.com/wnba/players/k/kitleel01w.html,kitleel01w
Anastasiia Kosu,MIN,F,21,80,0,13,29,.448,0,2,.000,13,27,.481,9,15,.600,10,15,5,1,4,7,9,35,/wnba/players/k/kosuan01w.html,https://www.basketball-reference.com/wnba/players/k/kosuan01w.html,kosuan01w
Leïla Lacan,CON,G,25,665,15,104,218,.477,15,67,.224,89,151,.589,36,42,.857,17,59,92,55,4,47,83,259,/wnba/players/l/lacanle01w.html,https://www.basketball-reference.com/wnba/players/l/lacanle01w.html,lacanle01w
Kitija Laksa,PHO,G,33,626,5,66,180,.367,38,120,.317,28,60,.467,26,32,.813,11,40,21,12,6,19,48,196,/wnba/players/l/laksaki01w.html,https://www.basketball-reference.com/wnba/players/l/laksaki01w.html,laksaki01w
Kyra Lambert,IND,G,1,0,0,0,0,,0,0,,0,0,,0,0,,0,0,0,0,0,0,0,0,/wnba/players/l/lambeky01w.html,https://www.basketball-reference.com/wnba/players/l/lambeky01w.html,lambeky01w
Carla Leite,GSV,G,37,637,6,86,222,.387,13,75,.173,73,147,.497,83,99,.838,9,48,75,26,3,57,55,268,/wnba/players/l/leiteca01w.html,https://www.basketball-reference.com/wnba/players/l/leiteca01w.html,leiteca01w
Kyara Linskens,GSV,C,4,27,0,2,5,.400,0,1,.000,2,4,.500,0,0,,1,6,1,1,3,2,7,4,/wnba/players/l/linskky01w.html,https://www.basketball-reference.com/wnba/players/l/linskky01w.html,linskky01w
Jewell Loyd,LVA,G,44,1245,25,166,427,.389,100,262,.382,66,165,.400,59,71,.831,49,142,81,52,11,53,85,491,/wnba/players/l/loydje01w.html,https://www.basketball-reference.com/wnba/players/l/loydje01w.html,loydje01w
Marina Mabrey,CON,G,35,1103,34,179,488,.367,66,244,.270,113,244,.463,80,92,.870,17,146,141,24,10,98,100,504,/wnba/players/m/mabrema01w.html,https://www.basketball-reference.com/wnba/players/m/mabrema01w.html,mabrema01w
Natasha Mack,PHO,F-C,34,623,23,71,124,.573,0,4,.000,71,120,.592,17,36,.472,78,197,30,30,52,15,55,159,/wnba/players/m/mackna01w.html,https://www.basketball-reference.com/wnba/players/m/mackna01w.html,mackna01w
Ezi Magbegor,SEA,F-C,44,1203,44,141,286,.493,14,48,.292,127,238,.534,57,83,.687,85,272,92,30,96,43,126,353,/wnba/players/m/magbeez01w.html,https://www.basketball-reference.com/wnba/players/m/magbeez01w.html,magbeez01w
Dominique Malonga,SEA,C,42,600,0,145,263,.551,4,18,.222,141,245,.576,29,51,.569,54,195,36,17,28,48,87,323,/wnba/players/m/malondo01w.html,https://www.basketball-reference.com/wnba/players/m/malondo01w.html,malondo01w
Rayah Marshall,CON,C-F,15,90,0,9,26,.346,0,1,.000,9,25,.360,7,12,.583,7,26,4,2,3,7,12,25,/wnba/players/m/marshra02w.html,https://www.basketball-reference.com/wnba/players/m/marshra02w.html,marshra02w
Kate Martin,GSV,G,42,687,4,86,266,.323,57,184,.310,29,82,.354,32,41,.780,20,112,40,17,4,34,48,261,/wnba/players/m/martika01w.html,https://www.basketball-reference.com/wnba/players/m/martika01w.html,martika01w
Kayla McBride,MIN,G,39,1220,39,178,428,.416,103,261,.395,75,167,.449,95,105,.905,10,89,137,49,3,67,53,554,/wnba/players/m/mcbrika01w.html,https://www.basketball-reference.com/wnba/players/m/mcbrika01w.html,mcbrika01w
Megan McConnell,PHO,G,1,13,0,1,4,.250,1,2,.500,0,2,.000,0,0,,1,1,3,1,0,0,1,3,/wnba/players/m/mcconme01w.html,https://www.basketball-reference.com/wnba/players/m/mcconme01w.html,mcconme01w
Teaira McCowan,DAL,C,17,219,0,36,67,.537,1,2,.500,35,65,.538,22,29,.759,30,78,10,5,12,16,24,95,/wnba/players/m/mccowte01w.html,https://www.basketball-reference.com/wnba/players/m/mccowte01w.html,mccowte01w
Aari McDonald,IND,G,20,525,13,66,154,.429,24,78,.308,42,76,.553,40,51,.784,9,47,94,25,3,46,50,196,/wnba/players/m/mcdonaa01w.html,https://www.basketball-reference.com/wnba/players/m/mcdonaa01w.html,mcdonaa01w
Emma Meesseman,NYL,F,17,440,12,91,159,.572,14,21,.667,77,138,.558,32,37,.865,22,87,54,21,13,36,26,228,/wnba/players/m/meessem01w.html,https://www.basketball-reference.com/wnba/players/m/meessem01w.html,meessem01w
Jade Melbourne,WAS,G,43,1008,12,90,225,.400,26,95,.274,64,130,.492,49,73,.671,17,80,124,26,8,72,101,255,/wnba/players/m/melboja01w.html,https://www.basketball-reference.com/wnba/players/m/melboja01w.html,melboja01w
Kelsey Mitchell,IND,G,44,1381,44,315,691,.456,111,282,.394,204,409,.499,149,190,.784,18,77,150,39,7,78,88,890,/wnba/players/m/mitchke01w.html,https://www.basketball-reference.com/wnba/players/m/mitchke01w.html,mitchke01w
Aneesah Morrow,CON,F,41,775,23,112,299,.375,18,75,.240,94,224,.420,72,95,.758,84,282,21,32,18,45,81,314,/wnba/players/m/morroan02w.html,https://www.basketball-reference.com/wnba/players/m/morroan02w.html,morroan02w
Murjanatu Musa,PHO,C,12,122,0,16,35,.457,1,2,.500,15,33,.455,7,11,.636,18,31,7,4,2,7,17,40,/wnba/players/m/musamu01w.html,https://www.basketball-reference.com/wnba/players/m/musamu01w.html,musamu01w
Olivia Nelson-Ododa,CON,C,37,800,21,113,215,.526,1,2,.500,112,213,.526,78,111,.703,60,184,34,27,43,40,89,305,/wnba/players/n/nelsool01w.html,https://www.basketball-reference.com/wnba/players/n/nelsool01w.html,nelsool01w
Kia Nurse,CHI,G,44,962,18,103,291,.354,61,182,.335,42,109,.385,49,62,.790,18,103,55,14,2,55,72,316,/wnba/players/n/nurseki01w.html,https://www.basketball-reference.com/wnba/players/n/nurseki01w.html,nurseki01w
Aaliyah Nye,LVA,G-F,44,671,2,59,171,.345,37,118,.314,22,53,.415,14,17,.824,15,66,24,13,9,27,57,169,/wnba/players/n/nyeaa01w.html,https://www.basketball-reference.com/wnba/players/n/nyeaa01w.html,nyeaa01w
Arike Ogunbowale,DAL,G,29,966,29,147,404,.364,48,158,.304,99,246,.402,108,116,.931,10,72,120,39,7,60,74,450,/wnba/players/o/ogunbar01w.html,https://www.basketball-reference.com/wnba/players/o/ogunbar01w.html,ogunbar01w
Nneka Ogwumike,SEA,F,44,1359,44,320,617,.519,66,180,.367,254,437,.581,97,118,.822,59,309,99,50,18,85,83,803,/wnba/players/o/ogwumnn01w.html,https://www.basketball-reference.com/wnba/players/o/ogwumnn01w.html,ogwumnn01w
Amy Okonkwo,DAL,F,8,157,1,30,61,.492,10,30,.333,20,31,.645,18,20,.900,7,25,6,11,1,7,11,88,/wnba/players/o/okonkam01w.html,https://www.basketball-reference.com/wnba/players/o/okonkam01w.html,okonkam01w
Lucy Olsen,WAS,G,41,508,0,66,159,.415,19,70,.271,47,89,.528,14,17,.824,11,48,49,15,5,21,45,165,/wnba/players/o/olsenlu01w.html,https://www.basketball-reference.com/wnba/players/o/olsenlu01w.html,olsenlu01w
Michaela Onyenwere,CHI,F,42,711,22,89,211,.422,24,68,.353,65,143,.455,43,51,.843,17,69,48,16,4,56,75,245,/wnba/players/o/onyenmi01w.html,https://www.basketball-reference.com/wnba/players/o/onyenmi01w.html,onyenmi01w
Te-Hina PaoPao,ATL,G,43,720,15,96,218,.440,51,132,.386,45,86,.523,7,13,.538,10,69,105,20,9,44,48,250,/wnba/players/p/paopate01w.html,https://www.basketball-reference.com/wnba/players/p/paopate01w.html,paopate01w
Cheyenne Parker-Tyus,LVA,F,2,14,0,5,8,.625,1,2,.500,4,6,.667,5,6,.833,0,2,0,0,0,1,2,16,/wnba/players/p/parkech01w.html,https://www.basketball-reference.com/wnba/players/p/parkech01w.html,parkech01w
Robyn Parks,CON,F,6,63,0,1,5,.200,0,4,.000,1,1,1.000,0,0,,1,9,2,2,0,1,7,2,/wnba/players/p/parksro01w.html,https://www.basketball-reference.com/wnba/players/p/parksro01w.html,parksro01w
Haley Peters,CON,F-G,33,380,2,25,82,.305,8,39,.205,17,43,.395,10,13,.769,25,74,25,11,3,22,50,68,/wnba/players/p/peterha01w.html,https://www.basketball-reference.com/wnba/players/p/peterha01w.html,peterha01w
Ajae Petty,DAL,F,2,6,0,0,0,,0,0,,0,0,,0,0,,0,1,0,0,0,0,1,0,/wnba/players/p/pettyaj01w.html,https://www.basketball-reference.com/wnba/players/p/pettyaj01w.html,pettyaj01w
Kelsey Plum,LAS,G,43,1508,43,261,618,.422,99,279,.355,162,339,.478,218,244,.893,10,132,247,53,4,131,117,839,/wnba/players/p/plumke01w.html,https://www.basketball-reference.com/wnba/players/p/plumke01w.html,plumke01w
Alexis Prince,PHO,F,1,22,0,1,3,.333,0,1,.000,1,2,.500,0,0,,0,8,1,0,0,3,1,2,/wnba/players/p/princal01w.html,https://www.basketball-reference.com/wnba/players/p/princal01w.html,princal01w
JJ Quinerly,DAL,G,34,539,13,80,188,.426,21,54,.389,59,134,.440,39,45,.867,18,63,78,29,7,52,70,220,/wnba/players/q/quinejj01w.html,https://www.basketball-reference.com/wnba/players/q/quinejj01w.html,quinejj01w
Angel Reese,CHI,F,30,947,30,153,334,.458,4,22,.182,149,312,.478,130,172,.756,123,377,110,44,20,118,103,440,/wnba/players/r/reesean01w.html,https://www.basketball-reference.com/wnba/players/r/reesean01w.html,reesean01w
Saniya Rivers,CON,G,42,1097,25,142,349,.407,43,126,.341,99,223,.444,44,59,.746,29,118,113,62,38,62,70,371,/wnba/players/r/riversa01w.html,https://www.basketball-reference.com/wnba/players/r/riversa01w.html,riversa01w
Iliana Rupert,GSV,C,21,486,11,67,153,.438,46,104,.442,21,49,.429,15,16,.938,21,81,33,13,12,20,48,195,/wnba/players/r/ruperil01w.html,https://www.basketball-reference.com/wnba/players/r/ruperil01w.html,ruperil01w
Mercedes Russell,LAS,C,20,163,0,12,27,.444,0,0,,12,27,.444,10,14,.714,10,24,12,5,4,7,17,34,/wnba/players/r/russeme01w.html,https://www.basketball-reference.com/wnba/players/r/russeme01w.html,russeme01w
Nyara Sabally,NYL,C,17,305,10,37,76,.487,1,7,.143,36,69,.522,17,25,.680,27,77,13,9,17,16,37,92,/wnba/players/s/sabalny01w.html,https://www.basketball-reference.com/wnba/players/s/sabalny01w.html,sabalny01w
Satou Sabally,PHO,F,39,1039,39,208,515,.404,67,209,.321,141,306,.461,153,185,.827,54,231,98,49,13,77,115,636,/wnba/players/s/sabalsa01w.html,https://www.basketball-reference.com/wnba/players/s/sabalsa01w.html,sabalsa01w
Janelle Salaün,GSV,F,36,973,33,147,362,.406,63,172,.366,84,190,.442,50,62,.806,32,183,43,22,3,53,70,407,/wnba/players/s/salauja01w.html,https://www.basketball-reference.com/wnba/players/s/salauja01w.html,salauja01w
Karlie Samuelson,MIN,G,16,228,4,14,42,.333,12,34,.353,2,8,.250,13,14,.929,3,20,17,6,1,11,26,53,/wnba/players/s/samueka01w.html,https://www.basketball-reference.com/wnba/players/s/samueka01w.html,samueka01w
Madison Scott,WAS,G-F,9,47,0,5,11,.455,0,1,.000,5,10,.500,4,4,1.000,1,1,2,2,0,1,8,14,/wnba/players/s/scottma01w.html,https://www.basketball-reference.com/wnba/players/s/scottma01w.html,scottma01w
Jessica Shepard,MIN,F,40,835,12,132,207,.638,0,1,.000,132,206,.641,56,103,.544,92,293,104,19,4,58,44,320,/wnba/players/s/shepaje01w.html,https://www.basketball-reference.com/wnba/players/s/shepaje01w.html,shepaje01w
Maddy Siegrist,DAL,F,26,702,15,132,269,.491,26,81,.321,106,188,.564,40,58,.690,52,111,21,19,15,14,50,330,/wnba/players/s/siegrma01w.html,https://www.basketball-reference.com/wnba/players/s/siegrma01w.html,siegrma01w
Kamiah Smalls,ATL,G,3,3,0,0,0,,0,0,,0,0,,0,0,,0,0,0,0,0,0,0,0,/wnba/players/s/smallka01w.html,https://www.basketball-reference.com/wnba/players/s/smallka01w.html,smallka01w
Alanna Smith,MIN,F,42,1114,42,160,330,.485,53,161,.329,107,169,.633,31,65,.477,65,214,121,55,80,65,116,404,/wnba/players/s/smithal01w.html,https://www.basketball-reference.com/wnba/players/s/smithal01w.html,smithal01w
Azura Stevens,LAS,F-C,44,1249,44,204,427,.478,74,194,.381,130,233,.558,79,100,.790,74,352,94,54,47,64,98,561,/wnba/players/s/steveaz01w.html,https://www.basketball-reference.com/wnba/players/s/steveaz01w.html,steveaz01w
Breanna Stewart,NYL,F,31,948,31,188,408,.461,21,87,.241,167,321,.520,169,202,.837,31,203,108,42,42,60,59,566,/wnba/players/s/stewabr01w.html,https://www.basketball-reference.com/wnba/players/s/stewabr01w.html,stewabr01w
Kiah Stokes,LVA,C,40,514,18,18,51,.353,3,23,.130,15,28,.536,5,8,.625,29,144,17,17,14,16,47,44,/wnba/players/s/stokeki01w.html,https://www.basketball-reference.com/wnba/players/s/stokeki01w.html,stokeki01w
Serena Sundell,DAL,G,3,22,0,0,1,.000,0,1,.000,0,0,,0,0,,0,1,0,0,0,2,4,0,/wnba/players/s/sundese01w.html,https://www.basketball-reference.com/wnba/players/s/sundese01w.html,sundese01w
Sug Sutton,WAS,G,43,1122,43,119,282,.422,42,119,.353,77,163,.472,37,48,.771,8,77,166,33,3,83,58,317,/wnba/players/s/suttosu01w.html,https://www.basketball-reference.com/wnba/players/s/suttosu01w.html,suttosu01w
Camryn Taylor,MIN,F,6,23,0,1,7,.143,1,3,.333,0,4,.000,0,2,.000,2,6,1,0,0,3,4,3,/wnba/players/t/tayloca01w.html,https://www.basketball-reference.com/wnba/players/t/tayloca01w.html,tayloca01w
Taylor Thierry,ATL,G-F,17,36,0,2,11,.182,1,3,.333,1,8,.125,1,4,.250,2,6,2,4,0,1,1,6,/wnba/players/t/thierta01w.html,https://www.basketball-reference.com/wnba/players/t/thierta01w.html,thierta01w
Alyssa Thomas,PHO,F,39,1221,39,241,453,.532,0,6,.000,241,447,.539,117,169,.692,64,344,357,62,17,135,82,599,/wnba/players/t/thomaal01w.html,https://www.basketball-reference.com/wnba/players/t/thomaal01w.html,thomaal01w
Kayla Thornton,GSV,F,22,662,22,100,276,.362,40,142,.282,60,134,.448,68,82,.829,40,154,33,29,5,36,52,308,/wnba/players/t/thornka01w.html,https://www.basketball-reference.com/wnba/players/t/thornka01w.html,thornka01w
Makayla Timpson,IND,F-C,31,219,0,32,57,.561,0,0,,32,57,.561,18,27,.667,18,57,1,13,8,8,24,82,/wnba/players/t/timpsma01w.html,https://www.basketball-reference.com/wnba/players/t/timpsma01w.html,timpsma01w
Mamignan Touré,CON,G,18,147,0,14,39,.359,8,22,.364,6,17,.353,0,0,,4,7,9,7,0,8,19,36,/wnba/players/t/tourma01w.html,https://www.basketball-reference.com/wnba/players/t/tourma01w.html,tourma01w
Brianna Turner,IND,F-C,27,233,0,13,32,.406,0,1,.000,13,31,.419,4,8,.500,18,50,17,2,8,9,23,30,/wnba/players/t/turnebr01w.html,https://www.basketball-reference.com/wnba/players/t/turnebr01w.html,turnebr01w
Maria Kliundikova,MIN,F,34,373,1,64,128,.500,8,25,.320,56,103,.544,12,21,.571,43,102,19,25,26,23,48,148,/wnba/players/v/vadeema01w.html,https://www.basketball-reference.com/wnba/players/v/vadeema01w.html,vadeema01w
Courtney Vandersloot,CHI,G,7,191,7,29,66,.439,5,23,.217,24,43,.558,11,13,.846,2,22,37,11,2,17,13,74,/wnba/players/v/vandeco01w.html,https://www.basketball-reference.com/wnba/players/v/vandeco01w.html,vandeco01w
Hailey Van Lith,CHI,G,29,361,0,37,109,.339,5,31,.161,32,78,.410,23,31,.742,4,31,45,12,4,36,22,102,/wnba/players/v/vanliha01w.html,https://www.basketball-reference.com/wnba/players/v/vanliha01w.html,vanliha01w
Shatori Walker-Kimbrough,ATL,G,41,354,1,26,63,.413,11,31,.355,15,32,.469,8,11,.727,3,37,22,10,11,15,24,71,/wnba/players/w/walkesh01w.html,https://www.basketball-reference.com/wnba/players/w/walkesh01w.html,walkesh01w
Kathryn Westbeld,PHO,F,43,792,24,77,215,.358,42,131,.321,35,84,.417,25,32,.781,30,109,39,36,24,24,66,221,/wnba/players/w/westbka01w.html,https://www.basketball-reference.com/wnba/players/w/westbka01w.html,westbka01w
Maddy Westbeld,CHI,F,26,354,1,38,105,.362,17,43,.395,21,62,.339,14,16,.875,21,62,23,13,7,16,42,107,/wnba/players/w/westbma01w.html,https://www.basketball-reference.com/wnba/players/w/westbma01w.html,westbma01w
Erica Wheeler,SEA,G,44,1126,24,168,420,.400,76,204,.373,92,216,.426,43,50,.860,17,119,144,56,9,68,112,455,/wnba/players/w/wheeler01w.html,https://www.basketball-reference.com/wnba/players/w/wheeler01w.html,wheeler01w
Sami Whitcomb,PHO,G,43,1027,20,129,335,.385,86,238,.361,43,97,.443,46,54,.852,16,113,108,33,7,67,90,390,/wnba/players/w/whitcsa01w.html,https://www.basketball-reference.com/wnba/players/w/whitcsa01w.html,whitcsa01w
Christyn Williams,DAL,G,4,45,0,6,16,.375,1,4,.250,5,12,.417,4,6,.667,2,4,3,0,0,1,4,17,/wnba/players/w/willich01w.html,https://www.basketball-reference.com/wnba/players/w/willich01w.html,willich01w
Courtney Williams,MIN,G,44,1260,44,248,580,.428,58,149,.389,190,431,.441,45,53,.849,23,216,271,55,14,101,86,599,/wnba/players/w/willico01w.html,https://www.basketball-reference.com/wnba/players/w/willico01w.html,willico01w
Elizabeth Williams,CHI,C-F,43,906,15,157,327,.480,0,0,,157,327,.480,50,81,.617,79,223,78,31,39,56,62,364,/wnba/players/w/williel01w.html,https://www.basketball-reference.com/wnba/players/w/williel01w.html,williel01w
Gabby Williams,SEA,F,44,1391,44,198,469,.422,50,164,.305,148,305,.485,64,75,.853,24,189,185,99,21,84,64,510,/wnba/players/w/williga01w.html,https://www.basketball-reference.com/wnba/players/w/williga01w.html,williga01w
Kiana Williams,PHO,G,11,107,0,17,40,.425,9,26,.346,8,14,.571,2,4,.500,0,11,10,3,0,6,6,45,/wnba/players/w/williki02w.html,https://www.basketball-reference.com/wnba/players/w/williki02w.html,williki02w
A'ja Wilson,LVA,C,40,1247,40,332,658,.505,25,59,.424,307,599,.513,248,290,.855,91,407,122,64,92,87,75,937,/wnba/players/w/wilsoa01w.html,https://www.basketball-reference.com/wnba/players/w/wilsoa01w.html,wilsoa01w
Jackie Young,LVA,G,44,1336,44,260,547,.475,80,223,.359,180,324,.556,127,142,.894,52,196,226,57,18,98,106,727,/wnba/players/y/youngja01w.html,https://www.basketball-reference.com/wnba/players/y/youngja01w.html,youngja01w
Cecilia Zandalasini,GSV,F,19,450,10,67,150,.447,37,91,.407,30,59,.508,28,32,.875,5,56,32,18,4,25,33,199,/wnba/players/z/zandace01w.html,https://www.basketball-reference.com/wnba/players/z/zandace01w.html,zandace01w
Grace Berger,TOT,G,19,418,13,26,89,.292,2,23,.087,24,66,.364,10,15,.667,12,63,58,14,7,21,37,64,/wnba/players/b/bergegr01w.html,https://www.basketball-reference.com/wnba/players/b/bergegr01w.html,bergegr01w
Chloe Bibby,TOT,F,14,154,0,21,55,.382,17,42,.405,4,13,.308,8,9,.889,5,25,7,8,1,7,13,67,/wnba/players/b/bibbych01w.html,https://www.basketball-reference.com/wnba/players/b/bibbych01w.html,bibbych01w
DeWanna Bonner,TOT,G-F,33,778,4,105,257,.409,40,120,.333,65,137,.474,75,86,.872,29,137,38,28,9,28,43,325,/wnba/players/b/bonnede01w.html,https://www.basketball-reference.com/wnba/players/b/bonnede01w.html,bonnede01w
DiJonai Carrington,TOT,G-F,31,680,14,107,277,.386,23,72,.319,84,205,.410,66,82,.805,48,124,48,34,13,59,78,303,/wnba/players/c/carridi01w.html,https://www.basketball-reference.com/wnba/players/c/carridi01w.html,carridi01w
Kaila Charles,TOT,G-F,35,616,12,79,188,.420,25,72,.347,54,116,.466,40,49,.816,46,149,35,28,7,38,69,223,/wnba/players/c/charlka01w.html,https://www.basketball-reference.com/wnba/players/c/charlka01w.html,charlka01w
Alysha Clark,TOT,F,42,828,15,59,159,.371,26,96,.271,33,63,.524,19,26,.731,16,117,51,26,4,22,81,163,/wnba/players/c/clarkal01w.html,https://www.basketball-reference.com/wnba/players/c/clarkal01w.html,clarkal01w
Marquesha Davis,TOT,G,11,52,0,2,10,.200,0,4,.000,2,6,.333,6,7,.857,3,7,1,0,2,6,3,10,/wnba/players/d/davisma05w.html,https://www.basketball-reference.com/wnba/players/d/davisma05w.html,davisma05w
Aaliyah Edwards,TOT,F,36,534,0,69,154,.448,0,9,.000,69,145,.476,56,87,.644,47,132,20,23,14,41,56,194,/wnba/players/e/edwaraa01w.html,https://www.basketball-reference.com/wnba/players/e/edwaraa01w.html,edwaraa01w
Bree Hall,TOT,G,4,17,0,1,5,.200,0,2,.000,1,3,.333,1,3,.333,0,3,0,0,0,3,4,3,/wnba/players/h/hallbr01w.html,https://www.basketball-reference.com/wnba/players/h/hallbr01w.html,hallbr01w
Haley Jones,TOT,F-G,28,594,16,85,188,.452,12,39,.308,73,149,.490,22,35,.629,18,98,64,21,22,48,64,204,/wnba/players/j/jonesha01w.html,https://www.basketball-reference.com/wnba/players/j/jonesha01w.html,jonesha01w
Liatu King,TOT,F,14,136,0,13,27,.481,1,6,.167,12,21,.571,11,15,.733,12,29,4,2,0,11,14,38,/wnba/players/k/kingli01w.html,https://www.basketball-reference.com/wnba/players/k/kingli01w.html,kingli01w
Sika Koné,TOT,F,19,85,0,7,22,.318,1,5,.200,6,17,.353,12,13,.923,3,19,6,0,0,6,12,27,/wnba/players/k/konesi01w.html,https://www.basketball-reference.com/wnba/players/k/konesi01w.html,konesi01w
Diamond Miller,TOT,F,40,434,1,54,134,.403,17,51,.333,37,83,.446,35,46,.761,11,52,31,12,7,34,65,160,/wnba/players/m/milledi03w.html,https://www.basketball-reference.com/wnba/players/m/milledi03w.html,milledi03w
Tiffany Mitchell,TOT,G,39,510,3,40,102,.392,11,30,.367,29,72,.403,35,47,.745,11,42,12,14,8,24,52,126,/wnba/players/m/mitchti01w.html,https://www.basketball-reference.com/wnba/players/m/mitchti01w.html,mitchti01w
Shey Peddy,TOT,G,15,265,5,27,55,.491,16,35,.457,11,20,.550,7,9,.778,7,25,31,6,0,13,20,77,/wnba/players/p/peddysh01w.html,https://www.basketball-reference.com/wnba/players/p/peddysh01w.html,peddysh01w
Alissa Pili,TOT,F,19,99,0,13,28,.464,4,12,.333,9,16,.563,13,15,.867,4,19,3,2,1,8,13,43,/wnba/players/p/pilial01w.html,https://www.basketball-reference.com/wnba/players/p/pilial01w.html,pilial01w
Aerial Powers,TOT,G,10,167,0,27,65,.415,7,19,.368,20,46,.435,13,19,.684,10,39,20,8,1,11,19,74,/wnba/players/p/powerae01w.html,https://www.basketball-reference.com/wnba/players/p/powerae01w.html,powerae01w
Jacy Sheldon,TOT,G,30,708,17,83,178,.466,36,91,.396,47,87,.540,22,25,.880,22,57,56,27,6,31,72,224,/wnba/players/s/sheldja01w.html,https://www.basketball-reference.com/wnba/players/s/sheldja01w.html,sheldja01w
Jaylyn Sherrod,TOT,G,26,142,0,9,28,.321,3,13,.231,6,15,.400,9,13,.692,2,15,12,11,0,12,19,30,/wnba/players/s/sherrja01w.html,https://www.basketball-reference.com/wnba/players/s/sherrja01w.html,sherrja01w
Odyssey Sims,TOT,G,24,671,21,89,215,.414,21,64,.328,68,151,.450,43,55,.782,10,57,90,17,1,33,48,242,/wnba/players/s/simsod01w.html,https://www.basketball-reference.com/wnba/players/s/simsod01w.html,simsod01w
NaLyssa Smith,TOT,F,45,956,41,134,267,.502,8,27,.296,126,240,.525,66,108,.611,74,231,33,25,29,51,131,342,/wnba/players/s/smithna01w.html,https://www.basketball-reference.com/wnba/players/s/smithna01w.html,smithna01w
Brittney Sykes,TOT,G,39,1194,38,174,457,.381,31,102,.304,143,355,.403,171,219,.781,20,123,155,48,14,98,99,550,/wnba/players/s/sykesbr01w.html,https://www.basketball-reference.com/wnba/players/s/sykesbr01w.html,sykesbr01w
Stephanie Talbot,TOT,F,38,541,10,39,104,.375,16,56,.286,23,48,.479,18,28,.643,26,101,66,19,6,40,43,112,/wnba/players/t/talbost01w.html,https://www.basketball-reference.com/wnba/players/t/talbost01w.html,talbost01w
Sevgi Uzun,TOT,G,25,439,3,31,95,.326,5,30,.167,26,65,.400,11,16,.688,1,31,63,13,3,43,37,78,/wnba/players/u/uzunse01w.html,https://www.basketball-reference.com/wnba/players/u/uzunse01w.html,uzunse01w
Julie Vanloo,TOT,G,35,449,2,33,111,.297,25,92,.272,8,19,.421,8,10,.800,4,32,68,15,0,49,45,99,/wnba/players/v/vanloju01w.html,https://www.basketball-reference.com/wnba/players/v/vanloju01w.html,vanloju01w
Li Yueru,TOT,C,31,519,12,62,153,.405,20,55,.364,42,98,.429,43,50,.860,52,141,29,9,9,30,57,187,/wnba/players/y/yueruli01w.html,https://www.basketball-reference.com/wnba/players/y/yueruli01w.html,yueruli01w
Grace Berger,LAS,G,1,16,0,0,4,.000,0,2,.000,0,2,.000,0,0,,1,1,1,0,0,3,1,0,/wnba/players/b/bergegr01w.html,https://www.basketball-reference.com/wnba/players/b/bergegr01w.html,bergegr01w
Chloe Bibby,GSV,F,5,66,0,11,27,.407,8,19,.421,3,8,.375,2,2,1.000,3,14,3,3,0,0,6,32,/wnba/players/b/bibbych01w.html,https://www.basketball-reference.com/wnba/players/b/bibbych01w.html,bibbych01w
DeWanna Bonner,IND,G-F,9,192,3,19,55,.345,9,25,.360,10,30,.333,17,19,.895,4,34,14,11,1,10,13,64,/wnba/players/b/bonnede01w.html,https://www.basketball-reference.com/wnba/players/b/bonnede01w.html,bonnede01w
DiJonai Carrington,DAL,G-F,20,497,13,74,209,.354,13,50,.260,61,159,.384,47,57,.825,41,101,36,21,9,49,51,208,/wnba/players/c/carridi01w.html,https://www.basketball-reference.com/wnba/players/c/carridi01w.html,carridi01w
Kaila Charles,DAL,G-F,17,269,4,29,80,.363,10,30,.333,19,50,.380,22,27,.815,25,68,18,9,4,16,32,90,/wnba/players/c/charlka01w.html,https://www.basketball-reference.com/wnba/players/c/charlka01w.html,charlka01w
Alysha Clark,SEA,F,27,485,7,34,90,.378,16,55,.291,18,35,.514,11,13,.846,9,64,28,19,2,17,53,95,/wnba/players/c/clarkal01w.html,https://www.basketball-reference.com/wnba/players/c/clarkal01w.html,clarkal01w
Marquesha Davis,NYL,G,9,31,0,1,4,.250,0,3,.000,1,1,1.000,6,7,.857,1,5,1,0,1,3,2,8,/wnba/players/d/davisma05w.html,https://www.basketball-reference.com/wnba/players/d/davisma05w.html,davisma05w
Aaliyah Edwards,WAS,F,21,279,0,45,94,.479,0,7,.000,45,87,.517,35,56,.625,25,69,9,10,6,23,28,125,/wnba/players/e/edwaraa01w.html,https://www.basketball-reference.com/wnba/players/e/edwaraa01w.html,edwaraa01w
Bree Hall,GSV,G,3,12,0,1,3,.333,0,2,.000,1,1,1.000,1,3,.333,0,2,0,0,0,3,3,3,/wnba/players/h/hallbr01w.html,https://www.basketball-reference.com/wnba/players/h/hallbr01w.html,hallbr01w
Haley Jones,PHO,F-G,4,48,0,4,12,.333,1,2,.500,3,10,.300,0,0,,2,8,4,1,1,2,4,9,/wnba/players/j/jonesha01w.html,https://www.basketball-reference.com/wnba/players/j/jonesha01w.html,jonesha01w
Liatu King,LAS,F,12,120,0,12,24,.500,1,6,.167,11,18,.611,11,15,.733,10,25,4,2,0,11,12,36,/wnba/players/k/kingli01w.html,https://www.basketball-reference.com/wnba/players/k/kingli01w.html,kingli01w
Sika Koné,WAS,F,11,74,0,7,18,.389,1,3,.333,6,15,.400,8,9,.889,3,18,5,0,0,6,10,23,/wnba/players/k/konesi01w.html,https://www.basketball-reference.com/wnba/players/k/konesi01w.html,konesi01w
Diamond Miller,MIN,F,25,243,0,30,63,.476,14,26,.538,16,37,.432,28,33,.848,4,22,15,8,4,20,38,102,/wnba/players/m/milledi03w.html,https://www.basketball-reference.com/wnba/players/m/milledi03w.html,milledi03w
Tiffany Mitchell,LVA,G,16,210,2,16,41,.390,4,13,.308,12,28,.429,23,29,.793,6,29,7,6,3,14,25,59,/wnba/players/m/mitchti01w.html,https://www.basketball-reference.com/wnba/players/m/mitchti01w.html,mitchti01w
Shey Peddy,LAS,G,6,138,5,10,24,.417,5,13,.385,5,11,.455,5,6,.833,6,18,16,2,0,4,13,30,/wnba/players/p/peddysh01w.html,https://www.basketball-reference.com/wnba/players/p/peddysh01w.html,peddysh01w
Alissa Pili,MIN,F,14,82,0,10,22,.455,4,11,.364,6,11,.545,3,4,.750,4,17,3,2,0,7,11,27,/wnba/players/p/pilial01w.html,https://www.basketball-reference.com/wnba/players/p/pilial01w.html,pilial01w
Aerial Powers,GSV,G,2,7,0,0,2,.000,0,0,,0,2,.000,2,2,1.000,1,2,1,1,0,0,0,2,/wnba/players/p/powerae01w.html,https://www.basketball-reference.com/wnba/players/p/powerae01w.html,powerae01w
Jacy Sheldon,CON,G,28,676,17,79,168,.470,35,85,.412,44,83,.530,18,20,.900,21,54,55,27,6,30,67,211,/wnba/players/s/sheldja01w.html,https://www.basketball-reference.com/wnba/players/s/sheldja01w.html,sheldja01w
Jaylyn Sherrod,NYL,G,18,104,0,6,20,.300,3,11,.273,3,9,.333,7,9,.778,2,11,10,10,0,11,17,22,/wnba/players/s/sherrja01w.html,https://www.basketball-reference.com/wnba/players/s/sherrja01w.html,sherrja01w
Odyssey Sims,LAS,G,12,354,11,40,96,.417,12,34,.353,28,62,.452,26,34,.765,6,35,42,10,1,17,27,118,/wnba/players/s/simsod01w.html,https://www.basketball-reference.com/wnba/players/s/simsod01w.html,simsod01w
NaLyssa Smith,DAL,F,18,344,15,45,107,.421,2,11,.182,43,96,.448,29,47,.617,29,89,14,7,16,17,42,121,/wnba/players/s/smithna01w.html,https://www.basketball-reference.com/wnba/players/s/smithna01w.html,smithna01w
Brittney Sykes,WAS,G,25,774,25,120,317,.379,21,66,.318,99,251,.394,124,158,.785,12,85,109,31,8,68,67,385,/wnba/players/s/sykesbr01w.html,https://www.basketball-reference.com/wnba/players/s/sykesbr01w.html,sykesbr01w
Stephanie Talbot,GSV,F,16,268,10,20,59,.339,8,32,.250,12,27,.444,9,14,.643,14,53,32,9,1,19,21,57,/wnba/players/t/talbost01w.html,https://www.basketball-reference.com/wnba/players/t/talbost01w.html,talbost01w
Sevgi Uzun,PHO,G,7,102,0,3,14,.214,1,8,.125,2,6,.333,4,6,.667,0,6,14,4,3,10,9,11,/wnba/players/u/uzunse01w.html,https://www.basketball-reference.com/wnba/players/u/uzunse01w.html,uzunse01w
Julie Vanloo,GSV,G,9,180,2,14,48,.292,8,38,.211,6,10,.600,5,6,.833,2,17,37,6,0,23,16,41,/wnba/players/v/vanloju01w.html,https://www.basketball-reference.com/wnba/players/v/vanloju01w.html,vanloju01w
Li Yueru,SEA,C,9,78,0,6,20,.300,2,4,.500,4,16,.250,11,12,.917,4,14,6,1,0,7,13,25,/wnba/players/y/yueruli01w.html,https://www.basketball-reference.com/wnba/players/y/yueruli01w.html,yueruli01w
Grace Berger,DAL,G,18,402,13,26,85,.306,2,21,.095,24,64,.375,10,15,.667,11,62,57,14,7,18,36,64,/wnba/players/b/bergegr01w.html,https://www.basketball-reference.com/wnba/players/b/bergegr01w.html,bergegr01w
Aerial Powers,IND,G,8,160,0,27,63,.429,7,19,.368,20,44,.455,11,17,.647,9,37,19,7,1,11,19,72,/wnba/players/p/powerae01w.html,https://www.basketball-reference.com/wnba/players/p/powerae01w.html,powerae01w
Bree Hall,IND,G,1,5,0,0,2,.000,0,0,,0,2,.000,0,0,,0,1,0,0,0,0,1,0,/wnba/players/h/hallbr01w.html,https://www.basketball-reference.com/wnba/players/h/hallbr01w.html,hallbr01w
Haley Jones,DAL,F-G,24,546,16,81,176,.460,11,37,.297,70,139,.504,22,35,.629,16,90,60,20,21,46,60,195,/wnba/players/j/jonesha01w.html,https://www.basketball-reference.com/wnba/players/j/jonesha01w.html,jonesha01w
Chloe Bibby,IND,F,9,88,0,10,28,.357,9,23,.391,1,5,.200,6,7,.857,2,11,4,5,1,7,7,35,/wnba/players/b/bibbych01w.html,https://www.basketball-reference.com/wnba/players/b/bibbych01w.html,bibbych01w
Shey Peddy,IND,G,9,127,0,17,31,.548,11,22,.500,6,9,.667,2,3,.667,1,7,15,4,0,9,7,47,/wnba/players/p/peddysh01w.html,https://www.basketball-reference.com/wnba/players/p/peddysh01w.html,peddysh01w
Sevgi Uzun,CHI,G,18,337,3,28,81,.346,4,22,.182,24,59,.407,7,10,.700,1,25,49,9,0,33,28,67,/wnba/players/u/uzunse01w.html,https://www.basketball-reference.com/wnba/players/u/uzunse01w.html,uzunse01w
DeWanna Bonner,PHO,G-F,24,586,1,86,202,.426,31,95,.326,55,107,.514,58,67,.866,25,103,24,17,8,18,30,261,/wnba/players/b/bonnede01w.html,https://www.basketball-reference.com/wnba/players/b/bonnede01w.html,bonnede01w
Marquesha Davis,CHI,G,2,21,0,1,6,.167,0,1,.000,1,5,.200,0,0,,2,2,0,0,1,3,1,2,/wnba/players/d/davisma05w.html,https://www.basketball-reference.com/wnba/players/d/davisma05w.html,davisma05w
Julie Vanloo,LAS,G,26,269,0,19,63,.302,17,54,.315,2,9,.222,3,4,.750,2,15,31,9,0,26,29,58,/wnba/players/v/vanloju01w.html,https://www.basketball-reference.com/wnba/players/v/vanloju01w.html,vanloju01w
Li Yueru,DAL,C,22,441,12,56,133,.421,18,51,.353,38,82,.463,32,38,.842,48,127,23,8,9,23,44,162,/wnba/players/y/yueruli01w.html,https://www.basketball-reference.com/wnba/players/y/yueruli01w.html,yueruli01w
Sika Koné,ATL,F,8,11,0,0,4,.000,0,2,.000,0,2,.000,4,4,1.000,0,1,1,0,0,0,2,4,/wnba/players/k/konesi01w.html,https://www.basketball-reference.com/wnba/players/k/konesi01w.html,konesi01w
Liatu King,DAL,F,2,16,0,1,3,.333,0,0,,1,3,.333,0,0,,2,4,0,0,0,0,2,2,/wnba/players/k/kingli01w.html,https://www.basketball-reference.com/wnba/players/k/kingli01w.html,kingli01w
Odyssey Sims,IND,G,12,317,10,49,119,.412,9,30,.300,40,89,.449,17,21,.810,4,22,48,7,0,16,21,124,/wnba/players/s/simsod01w.html,https://www.basketball-reference.com/wnba/players/s/simsod01w.html,simsod01w
Alissa Pili,LAS,F,5,17,0,3,6,.500,0,1,.000,3,5,.600,10,11,.909,0,2,0,0,1,1,2,16,/wnba/players/p/pilial01w.html,https://www.basketball-reference.com/wnba/players/p/pilial01w.html,pilial01w
Tiffany Mitchell,SEA,G,23,300,1,24,61,.393,7,17,.412,17,44,.386,12,18,.667,5,13,5,8,5,10,27,67,/wnba/players/m/mitchti01w.html,https://www.basketball-reference.com/wnba/players/m/mitchti01w.html,mitchti01w
Stephanie Talbot,NYL,F,22,273,0,19,45,.422,8,24,.333,11,21,.524,9,14,.643,12,48,34,10,5,21,22,55,/wnba/players/t/talbost01w.html,https://www.basketball-reference.com/wnba/players/t/talbost01w.html,talbost01w
Kaila Charles,GSV,G-F,18,347,8,50,108,.463,15,42,.357,35,66,.530,18,22,.818,21,81,17,19,3,22,37,133,/wnba/players/c/charlka01w.html,https://www.basketball-reference.com/wnba/players/c/charlka01w.html,charlka01w
Jaylyn Sherrod,MIN,G,8,38,0,3,8,.375,0,2,.000,3,6,.500,2,4,.500,0,4,2,1,0,1,2,8,/wnba/players/s/sherrja01w.html,https://www.basketball-reference.com/wnba/players/s/sherrja01w.html,sherrja01w
NaLyssa Smith,LVA,F,27,612,26,89,160,.556,6,16,.375,83,144,.576,37,61,.607,45,142,19,18,13,34,89,221,/wnba/players/s/smithna01w.html,https://www.basketball-reference.com/wnba/players/s/smithna01w.html,smithna01w
DiJonai Carrington,MIN,G-F,11,183,1,33,68,.485,10,22,.455,23,46,.500,19,25,.760,7,23,12,13,4,10,27,95,/wnba/players/c/carridi01w.html,https://www.basketball-reference.com/wnba/players/c/carridi01w.html,carridi01w
Aaliyah Edwards,CON,F,15,255,0,24,60,.400,0,2,.000,24,58,.414,21,31,.677,22,63,11,13,8,18,28,69,/wnba/players/e/edwaraa01w.html,https://www.basketball-reference.com/wnba/players/e/edwaraa01w.html,edwaraa01w
Diamond Miller,DAL,F,15,191,1,24,71,.338,3,25,.120,21,46,.457,7,13,.538,7,30,16,4,3,14,27,58,/wnba/players/m/milledi03w.html,https://www.basketball-reference.com/wnba/players/m/milledi03w.html,milledi03w
Brittney Sykes,SEA,G,14,420,13,54,140,.386,10,36,.278,44,104,.423,47,61,.770,8,38,46,17,6,30,32,165,/wnba/players/s/sykesbr01w.html,https://www.basketball-reference.com/wnba/players/s/sykesbr01w.html,sykesbr01w
Alysha Clark,WAS,F,15,343,8,25,69,.362,10,41,.244,15,28,.536,8,13,.615,7,53,23,7,2,5,28,68,/wnba/players/c/clarkal01w.html,https://www.basketball-reference.com/wnba/players/c/clarkal01w.html,clarkal01w
Jacy Sheldon,WAS,G,2,32,0,4,10,.400,1,6,.167,3,4,.750,4,5,.800,1,3,1,0,0,1,5,13,/wnba/players/s/sheldja01w.html,https://www.basketball-reference.com/wnba/players/s/sheldja01w.html,sheldja01w
